,source,element_id,element_path_value,element_short_value,element_definition_value,element_alias_value,element_min_value,element_max_value,element_cardinality,element_base_path_value,element_base_min_value,element_base_max_value,element_constraint_key_value,element_constraint_severity_value,element_constraint_human_value,element_constraint_expression_value,element_constraint_xpath_value,element_mapping_identity_value,element_mapping_map_value,element_comment_value,element_type_code_value,element_condition_value,element_isSummary_value,element_representation_value,element_slicing_discriminator_type_value,element_slicing_discriminator_path_value,element_slicing_description_value,element_slicing_rules_value,element_binding_extension_url,element_binding_extension_valueString_value,element_binding_extension_valueBoolean_value,element_binding_strength_value,element_binding_description_value,element_binding_valueSetReference_reference_value,element_isModifier_value,element_binding_extension_valueReference_reference_value,element_sliceName_value,element_type_profile_value,element_mustSupport_value,element_fixedUri_value,element_requirements_value,element_example_label_value,element_example_valueUri_value,element_example_valueString_value,element_type_targetProfile_value,element_fixedCode_value,element_defaultValueBoolean_value
0,ARS|s_CareConnect-GPC-List-1,List,List,Information summarized from a list of other resources,A set of information summarized from a list of other resources.,"['Collection', 'WorkingList', 'Organizer']",0,*,0..*,Resource,0,*,"['dom-2', 'dom-1', 'dom-4', 'dom-3', 'lst-2', 'lst-1']","['error', 'error', 'error', 'error', 'error', 'error']","['If the resource is contained in another resource, it SHALL NOT contain nested Resources', 'If the resource is contained in another resource, it SHALL NOT contain any narrative', 'If a resource is contained in another resource, it SHALL NOT have a meta.versionId or a meta.lastUpdated', 'If the resource is contained in another resource, it SHALL be referred to from elsewhere in the resource', 'The deleted flag can only be used if the mode of the list is ""changes""', 'A list can only have an emptyReason if it is empty']","['contained.contained.empty()', 'contained.text.empty()', 'contained.meta.versionId.empty() and contained.meta.lastUpdated.empty()', ""contained.where(('#'+id in %resource.descendants().reference).not()).empty()"", ""mode = 'changes' or entry.deleted.empty()"", 'emptyReason.empty() or entry.empty()']","['not(parent::f:contained and f:contained)', 'not(parent::f:contained and f:text)', 'not(exists(f:contained/*/f:meta/f:versionId)) and not(exists(f:contained/*/f:meta/f:lastUpdated))', ""not(exists(for $id in f:contained/*/@id return $id[not(ancestor::f:contained/parent::*/descendant::f:reference/@value=concat('#', $id))]))"", ""(f:mode/@value = 'changes') or not(exists(f:entry/f:deleted))"", 'not(exists(f:emptyReason) and exists(f:entry))']","['rim', 'rim', 'w5']","['Entity. Role, or Act', 'Act[classCode<ORG,moodCode=EVN]', 'infrastructure.documents']",,,,,,,,,,,,,,,,,,,,,,,,,,,,
1,ARS|s_CareConnect-GPC-List-1,List.id,List.id,Logical id of this artifact,"The logical id of the resource, as used in the URL for the resource. Once assigned, this value never changes.",,0,1,0..1,Resource.id,0,1,ele-1,error,All FHIR elements must have a @value or children,hasValue() | (children().count() > id.count()),@value|f:*|h:div,rim,n/a,The only time that a resource does not have an id is when it is being submitted to the server using a create operation.,id,ele-1,true,,,,,,,,,,,,,,,,,,,,,,,,
2,ARS|s_CareConnect-GPC-List-1,List.meta,List.meta,Metadata about the resource,The metadata about the resource. This is content that is maintained by the infrastructure. Changes to the content may not always be associated with version changes to the resource.,,0,1,0..1,Resource.meta,0,1,ele-1,error,All FHIR elements must have a @value or children,hasValue() | (children().count() > id.count()),@value|f:*|h:div,"['rim', 'rim']","['n/a', 'N/A']",,Meta,ele-1,true,,,,,,,,,,,,,,,,,,,,,,,,
3,ARS|s_CareConnect-GPC-List-1,List.meta.id,List.meta.id,xml:id (or equivalent in JSON),unique id for the element within a resource (for internal references). This may be any string value that does not contain spaces.,,0,1,0..1,Element.id,0,1,ele-1,error,All FHIR elements must have a @value or children,hasValue() | (children().count() > id.count()),@value|f:*|h:div,rim,n/a,Note that FHIR strings may not exceed 1MB in size,string,ele-1,,xmlAttr,,,,,,,,,,,,,,,,,,,,,,,
4,ARS|s_CareConnect-GPC-List-1,List.meta.extension,List.meta.extension,Additional Content defined by implementations,"May be used to represent additional information that is not part of the basic definition of the element. In order to make the use of extensions safe and manageable, there is a strict set of governance  applied to the definition and use of extensions. Though any implementer is allowed to define an extension, there is a set of requirements that SHALL be met as part of the definition of the extension.","['extensions', 'user content']",0,*,0..*,Element.extension,0,*,"['ele-1', 'ext-1']","['error', 'error']","['All FHIR elements must have a @value or children', 'Must have either extensions or value[x], not both']","['hasValue() | (children().count() > id.count())', 'extension.exists() != value.exists()']","['@value|f:*|h:div', ""exists(f:extension)!=exists(f:*[starts-with(local-name(.), 'value')])""]","['rim', 'rim']","['n/a', 'N/A']","There can be no stigma associated with the use of extensions by any application, project, or standard - regardless of the institution or jurisdiction that uses or defines the extensions.  The use of extensions is what allows the FHIR specification to retain a core level of simplicity for everyone.",Extension,ele-1,,,value,url,Extensions are always sliced by (at least) url,open,,,,,,,,,,,,,,,,,,,
5,ARS|s_CareConnect-GPC-List-1,List.meta.versionId,List.meta.versionId,Version specific identifier,"The version specific identifier, as it appears in the version portion of the URL. This values changes when the resource is created, updated, or deleted.",,0,1,0..1,Meta.versionId,0,1,ele-1,error,All FHIR elements must have a @value or children,hasValue() | (children().count() > id.count()),@value|f:*|h:div,rim,n/a,"The server assigns this value, and ignores what the client specifies, except in the case that the server is imposing version integrity on updates/deletes.",id,ele-1,true,,,,,,,,,,,,,,,,,,,,,,,,
6,ARS|s_CareConnect-GPC-List-1,List.meta.lastUpdated,List.meta.lastUpdated,When the resource version last changed,When the resource last changed - e.g. when the version changed.,,0,1,0..1,Meta.lastUpdated,0,1,ele-1,error,All FHIR elements must have a @value or children,hasValue() | (children().count() > id.count()),@value|f:*|h:div,rim,n/a,This value is always populated except when the resource is first being created. The server / resource manager sets this value; what a client provides is irrelevant.,instant,ele-1,true,,,,,,,,,,,,,,,,,,,,,,,,
7,ARS|s_CareConnect-GPC-List-1,List.meta.profile,List.meta.profile,Profiles this resource claims to conform to,A list of profiles (references to [StructureDefinition](structuredefinition.html#) resources) that this resource claims to conform to. The URL is a reference to [StructureDefinition.url]().,,1,*,1..*,Meta.profile,0,*,ele-1,error,All FHIR elements must have a @value or children,hasValue() | (children().count() > id.count()),@value|f:*|h:div,rim,n/a,It is up to the server and/or other infrastructure of policy to determine whether/how these claims are verified and/or updated over time.  The list of profile URLs is a set.,uri,ele-1,true,,,,,,,,,,,,,,,,,,,,,,,,
8,ARS|s_CareConnect-GPC-List-1,List.meta.security,List.meta.security,Security Labels applied to this resource,Security labels applied to this resource. These tags connect specific resources to the overall security policy and infrastructure.,,0,*,0..*,Meta.security,0,*,ele-1,error,All FHIR elements must have a @value or children,hasValue() | (children().count() > id.count()),@value|f:*|h:div,"['rim', 'v2', 'rim', 'orim']","['n/a', 'CE/CNE/CWE subset one of the sets of component 1-3 or 4-6', 'CV', 'fhir:Coding rdfs:subClassOf dt:CDCoding']","The security labels can be updated without changing the stated version of the resource  The list of security labels is a set. Uniqueness is based the system/code, and version and display are ignored.",Coding,ele-1,true,,,,,,"['http://hl7.org/fhir/StructureDefinition/elementdefinition-bindingName', 'http://hl7.org/fhir/StructureDefinition/elementdefinition-isCommonBinding']",SecurityLabels,true,extensible,Security Labels from the Healthcare Privacy and Security Classification System.,http://hl7.org/fhir/ValueSet/security-labels,,,,,,,,,,,,,
9,ARS|s_CareConnect-GPC-List-1,List.meta.tag,List.meta.tag,Tags applied to this resource,"Tags applied to this resource. Tags are intended to be used to identify and relate resources to process and workflow, and applications are not required to consider the tags when interpreting the meaning of a resource.",,0,*,0..*,Meta.tag,0,*,ele-1,error,All FHIR elements must have a @value or children,hasValue() | (children().count() > id.count()),@value|f:*|h:div,"['rim', 'v2', 'rim', 'orim']","['n/a', 'CE/CNE/CWE subset one of the sets of component 1-3 or 4-6', 'CV', 'fhir:Coding rdfs:subClassOf dt:CDCoding']","The tags can be updated without changing the stated version of the resource.  The list of tags is a set. Uniqueness is based the system/code, and version and display are ignored.",Coding,ele-1,true,,,,,,http://hl7.org/fhir/StructureDefinition/elementdefinition-bindingName,Tags,,example,"Codes that represent various types of tags, commonly workflow-related; e.g. ""Needs review by Dr. Jones""",http://hl7.org/fhir/ValueSet/common-tags,,,,,,,,,,,,,
10,ARS|s_CareConnect-GPC-List-1,List.implicitRules,List.implicitRules,A set of rules under which this content was created,"A reference to a set of rules that were followed when the resource was constructed, and which must be understood when processing the content.",,0,1,0..1,Resource.implicitRules,0,1,ele-1,error,All FHIR elements must have a @value or children,hasValue() | (children().count() > id.count()),@value|f:*|h:div,rim,n/a,"Asserting this rule set restricts the content to be only understood by a limited set of trading partners. This inherently limits the usefulness of the data in the long term. However, the existing health eco-system is highly fractured, and not yet ready to define, collect, and exchange data in a generally computable sense. Wherever possible, implementers and/or specification writers should avoid using this element.   This element is labelled as a modifier because the implicit rules may provide additional knowledge about the resource that modifies it's meaning or interpretation.",uri,ele-1,true,,,,,,,,,,,,true,,,,,,,,,,,,
11,ARS|s_CareConnect-GPC-List-1,List.language,List.language,Language of the resource content,The base language in which the resource is written.,,0,1,0..1,Resource.language,0,1,ele-1,error,All FHIR elements must have a @value or children,hasValue() | (children().count() > id.count()),@value|f:*|h:div,rim,n/a,"Language is provided to support indexing and accessibility (typically, services such as text to speech use the language tag). The html language tag in the narrative applies  to the narrative. The language tag on the resource may be used to specify the language of other presentations generated from the data in the resource  Not all the content has to be in the base language. The Resource.language should not be assumed to apply to the narrative automatically. If a language is specified, it should it also be specified on the div element in the html (see rules in HTML5 for information about the relationship between xml:lang and the html lang attribute).",code,ele-1,,,,,,,"['http://hl7.org/fhir/StructureDefinition/elementdefinition-maxValueSet', 'http://hl7.org/fhir/StructureDefinition/elementdefinition-bindingName', 'http://hl7.org/fhir/StructureDefinition/elementdefinition-isCommonBinding']",Language,true,extensible,A human language.,http://hl7.org/fhir/ValueSet/languages,,http://hl7.org/fhir/ValueSet/all-languages,,,,,,,,,,,
12,ARS|s_CareConnect-GPC-List-1,List.text,List.text,"Text summary of the resource, for human interpretation","A human-readable narrative that contains a summary of the resource, and may be used to represent the content of the resource to a human. The narrative need not encode all the structured data, but is required to contain sufficient detail to make it ""clinically safe"" for a human to just read the narrative. Resource definitions may define what content should be represented in the narrative to ensure clinical safety.","['narrative', 'html', 'xhtml', 'display']",0,1,0..1,DomainResource.text,0,1,ele-1,error,All FHIR elements must have a @value or children,hasValue() | (children().count() > id.count()),@value|f:*|h:div,"['rim', 'rim', 'rim']","['n/a', 'N/A', 'Act.text?']","Contained resources do not have narrative. Resources that are not contained SHOULD have a narrative. In some cases, a resource may only have text with little or no additional discrete data (as long as all minOccurs=1 elements are satisfied).  This may be necessary for data from legacy systems where information is captured as a ""text blob"" or where text is additionally entered raw or narrated and encoded in formation is added later.",Narrative,"['ele-1', 'dom-1']",,,,,,,,,,,,,,,,,,,,,,,,,
13,ARS|s_CareConnect-GPC-List-1,List.contained,List.contained,"Contained, inline Resources","These resources do not have an independent existence apart from the resource that contains them - they cannot be identified independently, and nor can they have their own independent transaction scope.","['inline resources', 'anonymous resources', 'contained resources']",0,*,0..*,DomainResource.contained,0,*,,,,,,"['rim', 'rim']","['Entity. Role, or Act', 'N/A']","This should never be done when the content can be identified properly, as once identification is lost, it is extremely difficult (and context dependent) to restore it again.",Resource,,,,,,,,,,,,,,,,,,,,,,,,,,
14,ARS|s_CareConnect-GPC-List-1,List.extension,List.extension,Additional Content defined by implementations,"May be used to represent additional information that is not part of the basic definition of the resource. In order to make the use of extensions safe and manageable, there is a strict set of governance  applied to the definition and use of extensions. Though any implementer is allowed to define an extension, there is a set of requirements that SHALL be met as part of the definition of the extension.","['extensions', 'user content']",0,*,0..*,DomainResource.extension,0,*,"['ele-1', 'ext-1']","['error', 'error']","['All FHIR elements must have a @value or children', 'Must have either extensions or value[x], not both']","['hasValue() | (children().count() > id.count())', 'extension.exists() != value.exists()']","['@value|f:*|h:div', ""exists(f:extension)!=exists(f:*[starts-with(local-name(.), 'value')])""]","['rim', 'rim']","['n/a', 'N/A']","There can be no stigma associated with the use of extensions by any application, project, or standard - regardless of the institution or jurisdiction that uses or defines the extensions.  The use of extensions is what allows the FHIR specification to retain a core level of simplicity for everyone.",Extension,ele-1,,,value,url,Extensions are always sliced by (at least) url,open,,,,,,,,,,,,,,,,,,,
15,ARS|s_CareConnect-GPC-List-1,List.extension:clinicalSetting,List.extension,To record the clinical setting of a problem list,To record the clinical setting of a problem list.,"['extensions', 'user content']",0,1,0..1,DomainResource.extension,0,*,"['ele-1', 'ext-1']","['error', 'error']","['All FHIR elements must have a @value or children', 'Must have either extensions or value[x], not both']","['hasValue() | (children().count() > id.count())', 'extension.exists() != value.exists()']","['@value|f:*|h:div', ""exists(f:extension)!=exists(f:*[starts-with(local-name(.), 'value')])""]","['rim', 'rim']","['n/a', 'N/A']","There can be no stigma associated with the use of extensions by any application, project, or standard - regardless of the institution or jurisdiction that uses or defines the extensions.  The use of extensions is what allows the FHIR specification to retain a core level of simplicity for everyone.",Extension,ele-1,,,,,,,,,,,,,,,clinicalSetting,https://fhir.nhs.uk/STU3/StructureDefinition/Extension-CareConnect-GPC-ClinicalSetting-1,true,,,,,,,,
16,ARS|s_CareConnect-GPC-List-1,List.extension:warningCode,List.extension,To capture warnings that the list may be incomplete,To capture warnings that the list may be incomplete.,"['extensions', 'user content']",0,*,0..*,DomainResource.extension,0,*,"['ele-1', 'ext-1']","['error', 'error']","['All FHIR elements must have a @value or children', 'Must have either extensions or value[x], not both']","['hasValue() | (children().count() > id.count())', 'extension.exists() != value.exists()']","['@value|f:*|h:div', ""exists(f:extension)!=exists(f:*[starts-with(local-name(.), 'value')])""]","['rim', 'rim']","['n/a', 'N/A']","There can be no stigma associated with the use of extensions by any application, project, or standard - regardless of the institution or jurisdiction that uses or defines the extensions.  The use of extensions is what allows the FHIR specification to retain a core level of simplicity for everyone.",Extension,ele-1,,,,,,,,,,,,,,,warningCode,https://fhir.nhs.uk/STU3/StructureDefinition/Extension-CareConnect-GPC-ListWarningCode-1,true,,,,,,,,
17,ARS|s_CareConnect-GPC-List-1,List.extension:relatedProblemHeader,List.extension,A reference to any related problems,A reference to any related problems.,"['extensions', 'user content']",0,*,0..*,DomainResource.extension,0,*,"['ele-1', 'ext-1']","['error', 'error']","['All FHIR elements must have a @value or children', 'Must have either extensions or value[x], not both']","['hasValue() | (children().count() > id.count())', 'extension.exists() != value.exists()']","['@value|f:*|h:div', ""exists(f:extension)!=exists(f:*[starts-with(local-name(.), 'value')])""]","['rim', 'rim']","['n/a', 'N/A']","There can be no stigma associated with the use of extensions by any application, project, or standard - regardless of the institution or jurisdiction that uses or defines the extensions.  The use of extensions is what allows the FHIR specification to retain a core level of simplicity for everyone.",Extension,ele-1,,,,,,,,,,,,,,,relatedProblemHeader,https://fhir.hl7.org.uk/STU3/StructureDefinition/Extension-CareConnect-RelatedProblemHeader-1,true,,,,,,,,
18,ARS|s_CareConnect-GPC-List-1,List.extension:relatedProblemHeader.id,List.extension.id,xml:id (or equivalent in JSON),unique id for the element within a resource (for internal references). This may be any string value that does not contain spaces.,,0,1,0..1,Element.id,0,1,ele-1,error,All FHIR elements must have a @value or children,hasValue() | (children().count() > id.count()),@value|f:*|h:div,rim,n/a,Note that FHIR strings may not exceed 1MB in size,string,ele-1,,xmlAttr,,,,,,,,,,,,,,,,,,,,,,,
19,ARS|s_CareConnect-GPC-List-1,List.extension:relatedProblemHeader.extension,List.extension.extension,Additional Content defined by implementations,"May be used to represent additional information that is not part of the basic definition of the element. In order to make the use of extensions safe and manageable, there is a strict set of governance  applied to the definition and use of extensions. Though any implementer is allowed to define an extension, there is a set of requirements that SHALL be met as part of the definition of the extension.","['extensions', 'user content']",0,*,0..*,Element.extension,0,*,"['ele-1', 'ext-1']","['error', 'error']","['All FHIR elements must have a @value or children', 'Must have either extensions or value[x], not both']","['hasValue() | (children().count() > id.count())', 'extension.exists() != value.exists()']","['@value|f:*|h:div', ""exists(f:extension)!=exists(f:*[starts-with(local-name(.), 'value')])""]","['rim', 'rim']","['n/a', 'N/A']","There can be no stigma associated with the use of extensions by any application, project, or standard - regardless of the institution or jurisdiction that uses or defines the extensions.  The use of extensions is what allows the FHIR specification to retain a core level of simplicity for everyone.",Extension,ele-1,,,value,url,Extensions are always sliced by (at least) url,open,,,,,,,,,,,,,,,,,,,
20,ARS|s_CareConnect-GPC-List-1,List.extension:relatedProblemHeader.url,List.extension.url,identifies the meaning of the extension,Source of the definition for the extension code - a logical name or a URL.,,1,1,1..1,Extension.url,1,1,ele-1,error,All FHIR elements must have a @value or children,hasValue() | (children().count() > id.count()),@value|f:*|h:div,"['rim', 'rim']","['n/a', 'N/A']","The definition may point directly to a computable or human-readable definition of the extensibility codes, or it may be a logical URI as declared in some other specification. The definition SHALL be a URI for the Structure Definition defining the extension.",uri,ele-1,,xmlAttr,,,,,,,,,,,,,,,,https://fhir.hl7.org.uk/STU3/StructureDefinition/Extension-CareConnect-RelatedProblemHeader-1,,,,,,,
21,ARS|s_CareConnect-GPC-List-1,List.extension:relatedProblemHeader.value[x],List.extension.value[x],Value of extension,Value of extension - may be a resource or one of a constrained set of the data types (see Extensibility in the spec for list).,,0,1,0..1,Extension.value[x],0,1,ele-1,error,All FHIR elements must have a @value or children,hasValue() | (children().count() > id.count()),@value|f:*|h:div,"['rim', 'rim']","['n/a', 'N/A']","A stream of bytes, base64 encoded","['base64Binary', 'boolean', 'code', 'date', 'dateTime', 'decimal', 'id', 'instant', 'integer', 'markdown', 'oid', 'positiveInt', 'string', 'time', 'unsignedInt', 'uri', 'Address', 'Age', 'Annotation', 'Attachment', 'CodeableConcept', 'Coding', 'ContactPoint', 'Count', 'Distance', 'Duration', 'HumanName', 'Identifier', 'Money', 'Period', 'Quantity', 'Range', 'Ratio', 'Reference', 'SampledData', 'Signature', 'Timing', 'Meta']",ele-1,,,,,,,,,,,,,,,,,,,,,,,,,
22,ARS|s_CareConnect-GPC-List-1,List.modifierExtension,List.modifierExtension,Extensions that cannot be ignored,"May be used to represent additional information that is not part of the basic definition of the resource, and that modifies the understanding of the element that contains it. Usually modifier elements provide negation or qualification. In order to make the use of extensions safe and manageable, there is a strict set of governance applied to the definition and use of extensions. Though any implementer is allowed to define an extension, there is a set of requirements that SHALL be met as part of the definition of the extension. Applications processing a resource are required to check for modifier extensions.","['extensions', 'user content']",0,*,0..*,DomainResource.modifierExtension,0,*,"['ele-1', 'ext-1']","['error', 'error']","['All FHIR elements must have a @value or children', 'Must have either extensions or value[x], not both']","['hasValue() | (children().count() > id.count())', 'extension.exists() != value.exists()']","['@value|f:*|h:div', ""exists(f:extension)!=exists(f:*[starts-with(local-name(.), 'value')])""]","['rim', 'rim']","['n/a', 'N/A']","There can be no stigma associated with the use of extensions by any application, project, or standard - regardless of the institution or jurisdiction that uses or defines the extensions.  The use of extensions is what allows the FHIR specification to retain a core level of simplicity for everyone.",Extension,ele-1,,,value,url,Extensions are always sliced by (at least) url,open,,,,,,,true,,,,,,,,,,,,
23,ARS|s_CareConnect-GPC-List-1,List.identifier,List.identifier,Business identifier,Identifier for the List assigned for business purposes outside the context of FHIR.,,0,*,0..*,List.identifier,0,*,ele-1,error,All FHIR elements must have a @value or children,hasValue() | (children().count() > id.count()),@value|f:*|h:div,"['rim', 'v2', 'rim', 'servd', 'rim', 'w5']","['n/a', 'CX / EI (occasionally, more often EI maps to a resource id or a URL)', 'II - see see identifier pattern at http://wiki.hl7.org/index.php?title=Common_Design_Patterns#Identifier_Pattern for relevant discussion. The Identifier class is a little looser than the v3 type II because it allows URIs as well as registered OIDs or GUIDs.  Also maps to Role[classCode=IDENT]', 'Identifier', '.id', 'id']",,Identifier,ele-1,,,,,,,,,,,,,,,,,,,,,,,,,
24,ARS|s_CareConnect-GPC-List-1,List.identifier.id,List.identifier.id,xml:id (or equivalent in JSON),unique id for the element within a resource (for internal references). This may be any string value that does not contain spaces.,,0,1,0..1,Element.id,0,1,ele-1,error,All FHIR elements must have a @value or children,hasValue() | (children().count() > id.count()),@value|f:*|h:div,rim,n/a,Note that FHIR strings may not exceed 1MB in size,string,ele-1,,xmlAttr,,,,,,,,,,,,,,,,,,,,,,,
25,ARS|s_CareConnect-GPC-List-1,List.identifier.extension,List.identifier.extension,Additional Content defined by implementations,"May be used to represent additional information that is not part of the basic definition of the element. In order to make the use of extensions safe and manageable, there is a strict set of governance  applied to the definition and use of extensions. Though any implementer is allowed to define an extension, there is a set of requirements that SHALL be met as part of the definition of the extension.","['extensions', 'user content']",0,*,0..*,Element.extension,0,*,"['ele-1', 'ext-1']","['error', 'error']","['All FHIR elements must have a @value or children', 'Must have either extensions or value[x], not both']","['hasValue() | (children().count() > id.count())', 'extension.exists() != value.exists()']","['@value|f:*|h:div', ""exists(f:extension)!=exists(f:*[starts-with(local-name(.), 'value')])""]","['rim', 'rim']","['n/a', 'N/A']","There can be no stigma associated with the use of extensions by any application, project, or standard - regardless of the institution or jurisdiction that uses or defines the extensions.  The use of extensions is what allows the FHIR specification to retain a core level of simplicity for everyone.",Extension,ele-1,,,value,url,Extensions are always sliced by (at least) url,open,,,,,,,,,,,,,,,,,,,
26,ARS|s_CareConnect-GPC-List-1,List.identifier.use,List.identifier.use,usual | official | temp | secondary (If known),The purpose of this identifier.,,0,1,0..1,Identifier.use,0,1,ele-1,error,All FHIR elements must have a @value or children,hasValue() | (children().count() > id.count()),@value|f:*|h:div,"['rim', 'v2', 'rim']","['n/a', 'N/A', 'Role.code or implied by context']","This is labeled as ""Is Modifier"" because applications should not mistake a temporary id for a permanent one. Applications can assume that an identifier is permanent unless it explicitly says that it is temporary.",code,ele-1,true,,,,,,http://hl7.org/fhir/StructureDefinition/elementdefinition-bindingName,IdentifierUse,,required,"Identifies the purpose for this identifier, if known .",http://hl7.org/fhir/ValueSet/identifier-use,true,,,,,,Allows the appropriate identifier for a particular context of use to be selected from among a set of identifiers.,,,,,,
27,ARS|s_CareConnect-GPC-List-1,List.identifier.type,List.identifier.type,Description of identifier,A coded type for the identifier that can be used to determine which identifier to use for a specific purpose.,,0,1,0..1,Identifier.type,0,1,ele-1,error,All FHIR elements must have a @value or children,hasValue() | (children().count() > id.count()),@value|f:*|h:div,"['rim', 'v2', 'rim', 'orim', 'v2', 'rim']","['n/a', 'CE/CNE/CWE', 'CD', 'fhir:CodeableConcept rdfs:subClassOf dt:CD', 'CX.5', 'Role.code or implied by context']","This element deals only with general categories of identifiers.  It SHOULD not be used for codes that correspond 1..1 with the Identifier.system. Some identifiers may fall into multiple categories due to common usage.   Where the system is known, a type is unnecessary because the type is always part of the system definition. However systems often need to handle identifiers where the system is not known. There is not a 1:1 relationship between type and system, since many different systems have the same type.",CodeableConcept,ele-1,true,,,,,,"['http://hl7.org/fhir/StructureDefinition/elementdefinition-bindingName', 'http://hl7.org/fhir/StructureDefinition/elementdefinition-isCommonBinding']",IdentifierType,true,extensible,A coded type for an identifier that can be used to determine which identifier to use for a specific purpose.,http://hl7.org/fhir/ValueSet/identifier-type,,,,,,,Allows users to make use of identifiers when the identifier system is not known.,,,,,,
28,ARS|s_CareConnect-GPC-List-1,List.identifier.system,List.identifier.system,The namespace for the identifier value,"Establishes the namespace for the value - that is, a URL that describes a set values that are unique.",,1,1,1..1,Identifier.system,0,1,ele-1,error,All FHIR elements must have a @value or children,hasValue() | (children().count() > id.count()),@value|f:*|h:div,"['rim', 'v2', 'rim', 'servd']","['n/a', 'CX.4 / EI-2-4', 'II.root or Role.id.root', './IdentifierType']",see http://en.wikipedia.org/wiki/Uniform_resource_identifier,uri,ele-1,true,,,,,,,,,,,,,,,,,,"There are many sets  of identifiers.  To perform matching of two identifiers, we need to know what set we're dealing with. The system identifies a particular set of unique identifiers.",General,http://www.acme.com/identifiers/patient or urn:ietf:rfc:3986 if the Identifier.value itself is a full uri,,,,
29,ARS|s_CareConnect-GPC-List-1,List.identifier.value,List.identifier.value,The value that is unique,The portion of the identifier typically relevant to the user and which is unique within the context of the system.,,1,1,1..1,Identifier.value,0,1,ele-1,error,All FHIR elements must have a @value or children,hasValue() | (children().count() > id.count()),@value|f:*|h:div,"['rim', 'v2', 'rim', 'servd']","['n/a', 'CX.1 / EI.1', 'II.extension or II.root if system indicates OID or GUID (Or Role.id.extension or root)', './Value']","If the value is a full URI, then the system SHALL be urn:ietf:rfc:3986.  The value's primary purpose is computational mapping.  As a result, it may be normalized for comparison purposes (e.g. removing non-significant whitespace, dashes, etc.)  A value formatted for human display can be conveyed using the [Rendered Value extension](extension-rendered-value.html).",string,ele-1,true,,,,,,,,,,,,,,,,,,,General,,123456,,,
30,ARS|s_CareConnect-GPC-List-1,List.identifier.period,List.identifier.period,Time period when id is/was valid for use,Time period during which identifier is/was valid for use.,,0,1,0..1,Identifier.period,0,1,"['ele-1', 'per-1']","['error', 'error']","['All FHIR elements must have a @value or children', 'If present, start SHALL have a lower value than end']","['hasValue() | (children().count() > id.count())', 'start.empty() or end.empty() or (start <= end)']","['@value|f:*|h:div', 'not(exists(f:start)) or not(exists(f:end)) or (f:start/@value <= f:end/@value)']","['rim', 'v2', 'rim', 'v2', 'rim', 'servd']","['n/a', 'DR', 'IVL<TS>[lowClosed=""true"" and highClosed=""true""] or URG<TS>[lowClosed=""true"" and highClosed=""true""]', 'CX.7 + CX.8', 'Role.effectiveTime or implied by context', './StartDate and ./EndDate']","This is not a duration - that's a measure of time (a separate type), but a duration that occurs at a fixed value of time. A Period specifies a range of time; the context of use will specify whether the entire range applies (e.g. ""the patient was an inpatient of the hospital for this time range"") or one value from the range applies (e.g. ""give to the patient between these two times""). If duration is required, specify the type as Interval|Duration.",Period,ele-1,true,,,,,,,,,,,,,,,,,,,,,,,,
31,ARS|s_CareConnect-GPC-List-1,List.identifier.assigner,List.identifier.assigner,Organization that issued id (may be just text),Organization that issued/manages the identifier.,,0,1,0..1,Identifier.assigner,0,1,"['ele-1', 'ref-1']","['error', 'error']","['All FHIR elements must have a @value or children', 'SHALL have a contained resource if a local reference is provided']","['hasValue() | (children().count() > id.count())', ""reference.startsWith('#').not() or (reference.substring(1).trace('url') in %resource.contained.id.trace('ids'))""]","['@value|f:*|h:div', ""not(starts-with(f:reference/@value, '#')) or exists(ancestor::*[self::f:entry or self::f:parameter]/f:resource/f:*/f:contained/f:*[f:id/@value=substring-after(current()/f:reference/@value, '#')]|/*/f:contained/f:*[f:id/@value=substring-after(current()/f:reference/@value, '#')])""]","['rim', 'rim', 'v2', 'rim', 'servd']","['n/a', 'The target of a resource reference is a RIM entry point (Act, Role, or Entity)', 'CX.4 / (CX.4,CX.9,CX.10)', 'II.assigningAuthorityName but note that this is an improper use by the definition of the field.  Also Role.scoper', './IdentifierIssuingAuthority']",The Identifier.assigner may omit the .reference element and only contain a .display element reflecting the name or other textual information about the assigning organization.,Reference,ele-1,true,,,,,,,,,,,,,,,,,,,,,,https://fhir.nhs.uk/STU3/StructureDefinition/CareConnect-GPC-Organization-1,,
32,ARS|s_CareConnect-GPC-List-1,List.status,List.status,current | retired | entered-in-error,Indicates the current state of this list.,,1,1,1..1,List.status,1,1,ele-1,error,All FHIR elements must have a @value or children,hasValue() | (children().count() > id.count()),@value|f:*|h:div,"['rim', 'rim', 'w5']","['n/a', '.status[current=active;retired=obsolete;entered-in-error=nullified]', 'status']",This element is labeled as a modifier because the status contains codes that mark the resource as not currently valid.,code,ele-1,true,,,,,,http://hl7.org/fhir/StructureDefinition/elementdefinition-bindingName,ListStatus,,required,The current state of the list,http://hl7.org/fhir/ValueSet/list-status,true,,,,,,,,,,,current,
33,ARS|s_CareConnect-GPC-List-1,List.mode,List.mode,working | snapshot | changes,"How this list was prepared - whether it is a working list that is suitable for being maintained on an ongoing basis, or if it represents a snapshot of a list of items from another source, or whether it is a prepared list where items may be marked as added, modified or deleted.",,1,1,1..1,List.mode,1,1,ele-1,error,All FHIR elements must have a @value or children,hasValue() | (children().count() > id.count()),@value|f:*|h:div,"['rim', 'rim', 'w5']","['n/a', '.outBoundRelationship[typeCode=COMP].target[classCode=OBS""].value', 'class']",This element is labeled as a modifier because a change list must not be mis-understood as a complete list.,code,ele-1,true,,,,,,http://hl7.org/fhir/StructureDefinition/elementdefinition-bindingName,ListMode,,required,The processing mode that applies to this list,http://hl7.org/fhir/ValueSet/list-mode,true,,,,,,"Lists are used in various ways, and it must be known in what way it is safe to use them.",,,,,snapshot,
34,ARS|s_CareConnect-GPC-List-1,List.title,List.title,Descriptive name for the list,A label for the list assigned by the author.,,0,1,0..1,List.title,0,1,ele-1,error,All FHIR elements must have a @value or children,hasValue() | (children().count() > id.count()),@value|f:*|h:div,"['rim', 'rim']","['n/a', '.title']",Note that FHIR strings may not exceed 1MB in size,string,ele-1,true,,,,,,,,,,,,,,,,,,Allows customization beyond just the code identifying the kind of list.,General,,Dr. Jane's Patients,,,
35,ARS|s_CareConnect-GPC-List-1,List.code,List.code,What the purpose of this list is,This code defines the purpose of the list - why it was created.,,1,1,1..1,List.code,0,1,ele-1,error,All FHIR elements must have a @value or children,hasValue() | (children().count() > id.count()),@value|f:*|h:div,"['rim', 'v2', 'rim', 'orim', 'rim', 'w5']","['n/a', 'CE/CNE/CWE', 'CD', 'fhir:CodeableConcept rdfs:subClassOf dt:CD', '.code', 'what']","If there is no code, the purpose of the list is implied where it is used, such as in a document section using Document.section.code.",CodeableConcept,ele-1,true,,,,,,http://hl7.org/fhir/StructureDefinition/elementdefinition-bindingName,ListPurpose,,extensible,What the purpose of a list is,https://fhir.hl7.org.uk/STU3/ValueSet/CareConnect-ListCode-1,,,,,,,Lists often contain subsets of resources rather than an exhaustive list.  The code identifies what type of subset is included.,,,,,,
36,ARS|s_CareConnect-GPC-List-1,List.subject,List.subject,If all resources have the same subject,"The common subject (or patient) of the resources that are in the list, if there is one.",,1,1,1..1,List.subject,0,1,"['ele-1', 'ref-1']","['error', 'error']","['All FHIR elements must have a @value or children', 'SHALL have a contained resource if a local reference is provided']","['hasValue() | (children().count() > id.count())', ""reference.startsWith('#').not() or (reference.substring(1).trace('url') in %resource.contained.id.trace('ids'))""]","['@value|f:*|h:div', ""not(starts-with(f:reference/@value, '#')) or exists(ancestor::*[self::f:entry or self::f:parameter]/f:resource/f:*/f:contained/f:*[f:id/@value=substring-after(current()/f:reference/@value, '#')]|/*/f:contained/f:*[f:id/@value=substring-after(current()/f:reference/@value, '#')])""]","['rim', 'rim', 'rim', 'w5']","['n/a', 'The target of a resource reference is a RIM entry point (Act, Role, or Entity)', '.participation[typeCode<SUB].role (and sometimes .player)', 'who.focus']","Some purely arbitrary lists do not have a common subject, so this is optional.","['Reference', 'Reference', 'Reference', 'Reference']",ele-1,true,,,,,,,,,,,,,,,,,,The primary purpose of listing the subject explicitly is to help with finding the right list.,,,,"['http://hl7.org/fhir/StructureDefinition/Group', 'http://hl7.org/fhir/StructureDefinition/Device', 'https://fhir.nhs.uk/STU3/StructureDefinition/CareConnect-GPC-Patient-1', 'https://fhir.nhs.uk/STU3/StructureDefinition/CareConnect-GPC-Location-1']",,
37,ARS|s_CareConnect-GPC-List-1,List.encounter,List.encounter,Context in which list created,The encounter that is the context in which this list was created.,,0,1,0..1,List.encounter,0,1,"['ele-1', 'ref-1']","['error', 'error']","['All FHIR elements must have a @value or children', 'SHALL have a contained resource if a local reference is provided']","['hasValue() | (children().count() > id.count())', ""reference.startsWith('#').not() or (reference.substring(1).trace('url') in %resource.contained.id.trace('ids'))""]","['@value|f:*|h:div', ""not(starts-with(f:reference/@value, '#')) or exists(ancestor::*[self::f:entry or self::f:parameter]/f:resource/f:*/f:contained/f:*[f:id/@value=substring-after(current()/f:reference/@value, '#')]|/*/f:contained/f:*[f:id/@value=substring-after(current()/f:reference/@value, '#')])""]","['rim', 'rim', 'rim', 'w5']","['n/a', 'The target of a resource reference is a RIM entry point (Act, Role, or Entity)', 'inboundRelationship[typeCode=COMP].source[classCode=ENC, moodCode=EVN]', 'context']","References SHALL be a reference to an actual FHIR resource, and SHALL be resolveable (allowing for access control, temporary unavailability, etc). Resolution can be either by retrieval from the URL, or, where applicable by resource type, by treating an absolute reference as a canonical URL and looking it up in a local registry/repository.",Reference,ele-1,,,,,,,,,,,,,,,,,,,,,,,https://fhir.nhs.uk/STU3/StructureDefinition/CareConnect-GPC-Encounter-1,,
38,ARS|s_CareConnect-GPC-List-1,List.date,List.date,When the list was prepared,The date that the list was prepared.,,0,1,0..1,List.date,0,1,ele-1,error,All FHIR elements must have a @value or children,hasValue() | (children().count() > id.count()),@value|f:*|h:div,"['rim', 'rim', 'w5']","['n/a', '.participation[typeCode<AUT].time[type=TS]', 'when.recorded']","The actual important date is the date of currency of the resources that were summarized, but it is usually assumed that these are current when the preparation occurs.",dateTime,ele-1,true,,,,,,,,,,,,,,,,,,Identifies how current the list is which affects relevance.,,,,,,
39,ARS|s_CareConnect-GPC-List-1,List.source,List.source,Who and/or what defined the list contents (aka Author),"The entity responsible for deciding what the contents of the list were. Where the list was created by a human, this is the same as the author of the list.",Author,0,1,0..1,List.source,0,1,"['ele-1', 'ref-1']","['error', 'error']","['All FHIR elements must have a @value or children', 'SHALL have a contained resource if a local reference is provided']","['hasValue() | (children().count() > id.count())', ""reference.startsWith('#').not() or (reference.substring(1).trace('url') in %resource.contained.id.trace('ids'))""]","['@value|f:*|h:div', ""not(starts-with(f:reference/@value, '#')) or exists(ancestor::*[self::f:entry or self::f:parameter]/f:resource/f:*/f:contained/f:*[f:id/@value=substring-after(current()/f:reference/@value, '#')]|/*/f:contained/f:*[f:id/@value=substring-after(current()/f:reference/@value, '#')])""]","['rim', 'rim', 'rim', 'w5']","['n/a', 'The target of a resource reference is a RIM entry point (Act, Role, or Entity)', '.participation[typeCode<AUT].role[classCode=REL].player[classCode=PSN,determinerCode=INST] or .participation[typeCode<AUT].role[classCode=REL].player[classCode=DEV,determinerCode=INST]', 'who.author']",The primary source is the entity that made the decisions what items are in the list. This may be software or user.,"['Reference', 'Reference', 'Reference']",ele-1,true,,,,,,,,,,,,,,,,,,Allows follow-up as well as context.,,,,"['http://hl7.org/fhir/StructureDefinition/Device', 'https://fhir.nhs.uk/STU3/StructureDefinition/CareConnect-GPC-Patient-1', 'https://fhir.nhs.uk/STU3/StructureDefinition/CareConnect-GPC-Practitioner-1']",,
40,ARS|s_CareConnect-GPC-List-1,List.orderedBy,List.orderedBy,What order the list has,What order applies to the items in the list.,,0,1,0..1,List.orderedBy,0,1,ele-1,error,All FHIR elements must have a @value or children,hasValue() | (children().count() > id.count()),@value|f:*|h:div,"['rim', 'v2', 'rim', 'orim', 'rim']","['n/a', 'CE/CNE/CWE', 'CD', 'fhir:CodeableConcept rdfs:subClassOf dt:CD', '.outboundRelationship[typeCode=COMP].sequenceNumber > 1']","Applications SHOULD render ordered lists in the order provided, but MAY allow users to re-order based on their own preferences as well. If there is no order specified, the order is unknown, though there may still be some order.",CodeableConcept,ele-1,,,,,,,http://hl7.org/fhir/StructureDefinition/elementdefinition-bindingName,ListOrder,,preferred,What order applies to the items in a list,http://hl7.org/fhir/ValueSet/list-order,,,,,,,Important for presentation and rendering.  Lists may be sorted to place more important information first or to group related entries.,,,,,,
41,ARS|s_CareConnect-GPC-List-1,List.note,List.note,Comments about the list,Comments that apply to the overall list.,,0,*,0..*,List.note,0,*,ele-1,error,All FHIR elements must have a @value or children,hasValue() | (children().count() > id.count()),@value|f:*|h:div,"['rim', 'v2', 'rim', 'rim']","['n/a', 'N/A', 'Act', '.inboundRelationship[typeCode=SUBJ].act.text']","For systems that do not have structured annotations, they can simply communicate a single annotation with no author or time.  This element may need to be included in narrative because of the potential for modifying information.  *Annotations SHOULD NOT* be used to communicate ""modifying"" information that could be computable. (This is a SHOULD because enforcing user behavior is nearly impossible).",Annotation,ele-1,,,,,,,,,,,,,,,,,true,,,,,,,,
42,ARS|s_CareConnect-GPC-List-1,List.note.id,List.note.id,xml:id (or equivalent in JSON),unique id for the element within a resource (for internal references). This may be any string value that does not contain spaces.,,0,1,0..1,Element.id,0,1,ele-1,error,All FHIR elements must have a @value or children,hasValue() | (children().count() > id.count()),@value|f:*|h:div,rim,n/a,Note that FHIR strings may not exceed 1MB in size,string,ele-1,,xmlAttr,,,,,,,,,,,,,,,,,,,,,,,
43,ARS|s_CareConnect-GPC-List-1,List.note.extension,List.note.extension,Additional Content defined by implementations,"May be used to represent additional information that is not part of the basic definition of the element. In order to make the use of extensions safe and manageable, there is a strict set of governance  applied to the definition and use of extensions. Though any implementer is allowed to define an extension, there is a set of requirements that SHALL be met as part of the definition of the extension.","['extensions', 'user content']",0,*,0..*,Element.extension,0,*,"['ele-1', 'ext-1']","['error', 'error']","['All FHIR elements must have a @value or children', 'Must have either extensions or value[x], not both']","['hasValue() | (children().count() > id.count())', 'extension.exists() != value.exists()']","['@value|f:*|h:div', ""exists(f:extension)!=exists(f:*[starts-with(local-name(.), 'value')])""]","['rim', 'rim']","['n/a', 'N/A']","There can be no stigma associated with the use of extensions by any application, project, or standard - regardless of the institution or jurisdiction that uses or defines the extensions.  The use of extensions is what allows the FHIR specification to retain a core level of simplicity for everyone.",Extension,ele-1,,,value,url,Extensions are always sliced by (at least) url,open,,,,,,,,,,,,,,,,,,,
44,ARS|s_CareConnect-GPC-List-1,List.note.author[x],List.note.author[x],Individual responsible for the annotation,The individual responsible for making the annotation.,,0,1,0..1,Annotation.author[x],0,1,"['ele-1', 'ref-1']","['error', 'error']","['All FHIR elements must have a @value or children', 'SHALL have a contained resource if a local reference is provided']","['hasValue() | (children().count() > id.count())', ""reference.startsWith('#').not() or (reference.substring(1).trace('url') in %resource.contained.id.trace('ids'))""]","['@value|f:*|h:div', ""not(starts-with(f:reference/@value, '#')) or exists(ancestor::*[self::f:entry or self::f:parameter]/f:resource/f:*/f:contained/f:*[f:id/@value=substring-after(current()/f:reference/@value, '#')]|/*/f:contained/f:*[f:id/@value=substring-after(current()/f:reference/@value, '#')])""]","['rim', 'rim', 'v2', 'rim']","['n/a', 'The target of a resource reference is a RIM entry point (Act, Role, or Entity)', 'N/A', 'Act.participant[typeCode=AUT].role']","References SHALL be a reference to an actual FHIR resource, and SHALL be resolveable (allowing for access control, temporary unavailability, etc). Resolution can be either by retrieval from the URL, or, where applicable by resource type, by treating an absolute reference as a canonical URL and looking it up in a local registry/repository.","['Reference', 'string', 'Reference', 'Reference']",ele-1,true,,,,,,,,,,,,,,,,,,,,,,"['http://hl7.org/fhir/StructureDefinition/RelatedPerson', 'https://fhir.nhs.uk/STU3/StructureDefinition/CareConnect-GPC-Patient-1', 'https://fhir.nhs.uk/STU3/StructureDefinition/CareConnect-GPC-Practitioner-1']",,
45,ARS|s_CareConnect-GPC-List-1,List.note.time,List.note.time,When the annotation was made,Indicates when this particular annotation was made.,,0,1,0..1,Annotation.time,0,1,ele-1,error,All FHIR elements must have a @value or children,hasValue() | (children().count() > id.count()),@value|f:*|h:div,"['rim', 'v2', 'rim']","['n/a', 'N/A', 'Act.effectiveTime']",,dateTime,ele-1,true,,,,,,,,,,,,,,,,,,,,,,,,
46,ARS|s_CareConnect-GPC-List-1,List.note.text,List.note.text,The annotation  - text content,The text of the annotation.,,1,1,1..1,Annotation.text,1,1,ele-1,error,All FHIR elements must have a @value or children,hasValue() | (children().count() > id.count()),@value|f:*|h:div,"['rim', 'v2', 'rim']","['n/a', 'N/A', 'Act.text']",Note that FHIR strings may not exceed 1MB in size,string,ele-1,,,,,,,,,,,,,,,,,,,,,,,,,
47,ARS|s_CareConnect-GPC-List-1,List.entry,List.entry,Entries in the list,Entries in this list.,,0,*,0..*,List.entry,0,*,ele-1,error,All FHIR elements must have a @value or children,hasValue() | (children().count() > id.count()),@value|f:*|h:div,"['rim', 'rim']","['n/a', '.outboundRelationship[typeCode=COMP] or  .participation[typeCode=SBJ]']","If there are no entries in the list, an emptyReason SHOULD be provided.",BackboneElement,"['ele-1', 'lst-1']",,,,,,,,,,,,,,,,,true,,,,,,,,
48,ARS|s_CareConnect-GPC-List-1,List.entry.id,List.entry.id,xml:id (or equivalent in JSON),unique id for the element within a resource (for internal references). This may be any string value that does not contain spaces.,,0,1,0..1,Element.id,0,1,ele-1,error,All FHIR elements must have a @value or children,hasValue() | (children().count() > id.count()),@value|f:*|h:div,rim,n/a,Note that FHIR strings may not exceed 1MB in size,string,ele-1,,xmlAttr,,,,,,,,,,,,,,,,,,,,,,,
49,ARS|s_CareConnect-GPC-List-1,List.entry.extension,List.entry.extension,Additional Content defined by implementations,"May be used to represent additional information that is not part of the basic definition of the element. In order to make the use of extensions safe and manageable, there is a strict set of governance  applied to the definition and use of extensions. Though any implementer is allowed to define an extension, there is a set of requirements that SHALL be met as part of the definition of the extension.","['extensions', 'user content']",0,*,0..*,Element.extension,0,*,"['ele-1', 'ext-1']","['error', 'error']","['All FHIR elements must have a @value or children', 'Must have either extensions or value[x], not both']","['hasValue() | (children().count() > id.count())', 'extension.exists() != value.exists()']","['@value|f:*|h:div', ""exists(f:extension)!=exists(f:*[starts-with(local-name(.), 'value')])""]","['rim', 'rim']","['n/a', 'N/A']","There can be no stigma associated with the use of extensions by any application, project, or standard - regardless of the institution or jurisdiction that uses or defines the extensions.  The use of extensions is what allows the FHIR specification to retain a core level of simplicity for everyone.",Extension,ele-1,,,value,url,Extensions are always sliced by (at least) url,open,,,,,,,,,,,,,,,,,,,
50,ARS|s_CareConnect-GPC-List-1,List.entry.modifierExtension,List.entry.modifierExtension,Extensions that cannot be ignored,"May be used to represent additional information that is not part of the basic definition of the element, and that modifies the understanding of the element that contains it. Usually modifier elements provide negation or qualification. In order to make the use of extensions safe and manageable, there is a strict set of governance applied to the definition and use of extensions. Though any implementer is allowed to define an extension, there is a set of requirements that SHALL be met as part of the definition of the extension. Applications processing a resource are required to check for modifier extensions.","['extensions', 'user content', 'modifiers']",0,*,0..*,BackboneElement.modifierExtension,0,*,"['ele-1', 'ext-1']","['error', 'error']","['All FHIR elements must have a @value or children', 'Must have either extensions or value[x], not both']","['hasValue() | (children().count() > id.count())', 'extension.exists() != value.exists()']","['@value|f:*|h:div', ""exists(f:extension)!=exists(f:*[starts-with(local-name(.), 'value')])""]","['rim', 'rim']","['n/a', 'N/A']","There can be no stigma associated with the use of extensions by any application, project, or standard - regardless of the institution or jurisdiction that uses or defines the extensions.  The use of extensions is what allows the FHIR specification to retain a core level of simplicity for everyone.",Extension,ele-1,true,,,,,,,,,,,,true,,,,,,,,,,,,
51,ARS|s_CareConnect-GPC-List-1,List.entry.flag,List.entry.flag,Status/Workflow information about this item,The flag allows the system constructing the list to indicate the role and significance of the item in the list.,,0,1,0..1,List.entry.flag,0,1,ele-1,error,All FHIR elements must have a @value or children,hasValue() | (children().count() > id.count()),@value|f:*|h:div,"['rim', 'v2', 'rim', 'orim', 'rim']","['n/a', 'CE/CNE/CWE', 'CD', 'fhir:CodeableConcept rdfs:subClassOf dt:CD', '.outBoundRelationship[typeCode=COMP].target[classCode=OBS""].value']","The flag can only be understood in the context of the List.code. If the flag means that the entry has actually been deleted from the list, the deleted element SHALL be true. Deleted can only be used if the List.mode is ""changes"".",CodeableConcept,ele-1,,,,,,,http://hl7.org/fhir/StructureDefinition/elementdefinition-bindingName,ListItemFlag,,example,Codes that provide further information about the reason and meaning of the item in the list,http://hl7.org/fhir/ValueSet/list-item-flag,,,,,,,"This field is present to support various clinical uses of lists, such as a discharge summary medication list, where flags specify whether the medication was added, modified, or deleted from the list.",,,,,,
52,ARS|s_CareConnect-GPC-List-1,List.entry.deleted,List.entry.deleted,If this item is actually marked as deleted,True if this item is marked as deleted in the list.,,0,1,0..1,List.entry.deleted,0,1,ele-1,error,All FHIR elements must have a @value or children,hasValue() | (children().count() > id.count()),@value|f:*|h:div,"['rim', 'rim']","['n/a', 'added: .updateMode=(""A"",""AR"")  retained: .updateMode=""NC""  updated: .updateMode=""R""  deleted: .updateMode=""D""']","If the flag means that the entry has actually been deleted from the list, the deleted element SHALL be true. Both flag and deleted can only be used if the List.mode is ""changes"". A deleted entry should be displayed in narrative as deleted.  This element is labeled as a modifier because it indicates that an item is (to be) no longer in the list.",boolean,"['ele-1', 'lst-2']",,,,,,,,,,,,,true,,,,,,"The flag element may contain codes that an application processing the list does not understand. However there can be no ambiguity if a list item is actually marked as ""deleted"".",,,,,,false
53,ARS|s_CareConnect-GPC-List-1,List.entry.date,List.entry.date,When item added to list,When this item was added to the list.,,0,1,0..1,List.entry.date,0,1,ele-1,error,All FHIR elements must have a @value or children,hasValue() | (children().count() > id.count()),@value|f:*|h:div,"['rim', 'rim']","['n/a', '.availabilityTime']","This is only useful and meaningful when the mode is ""working"".",dateTime,ele-1,,,,,,,,,,,,,,,,,,,The date may be significant for understanding the meaning of items in a working list.,,,,,,
54,ARS|s_CareConnect-GPC-List-1,List.entry.item,List.entry.item,Actual entry,A reference to the actual resource from which data was derived.,,1,1,1..1,List.entry.item,1,1,"['ele-1', 'ref-1']","['error', 'error']","['All FHIR elements must have a @value or children', 'SHALL have a contained resource if a local reference is provided']","['hasValue() | (children().count() > id.count())', ""reference.startsWith('#').not() or (reference.substring(1).trace('url') in %resource.contained.id.trace('ids'))""]","['@value|f:*|h:div', ""not(starts-with(f:reference/@value, '#')) or exists(ancestor::*[self::f:entry or self::f:parameter]/f:resource/f:*/f:contained/f:*[f:id/@value=substring-after(current()/f:reference/@value, '#')]|/*/f:contained/f:*[f:id/@value=substring-after(current()/f:reference/@value, '#')])""]","['rim', 'rim', 'rim']","['n/a', 'The target of a resource reference is a RIM entry point (Act, Role, or Entity)', '.target or .role or .role.entity']","References SHALL be a reference to an actual FHIR resource, and SHALL be resolveable (allowing for access control, temporary unavailability, etc). Resolution can be either by retrieval from the URL, or, where applicable by resource type, by treating an absolute reference as a canonical URL and looking it up in a local registry/repository.",Reference,ele-1,,,,,,,,,,,,,,,,,,,,,,,http://hl7.org/fhir/StructureDefinition/Resource,,
55,ARS|s_CareConnect-GPC-List-1,List.emptyReason,List.emptyReason,Why list is empty,"If the list is empty, why the list is empty.",,0,1,0..1,List.emptyReason,0,1,ele-1,error,All FHIR elements must have a @value or children,hasValue() | (children().count() > id.count()),@value|f:*|h:div,"['rim', 'v2', 'rim', 'orim', 'rim']","['n/a', 'CE/CNE/CWE', 'CD', 'fhir:CodeableConcept rdfs:subClassOf dt:CD', '.inboundRelationship[typeCode=SUBJ,code<{ListEmptyReason}].value[type=CD]']","The various reasons for an empty list make a significant interpretation to its interpretation. Note that this code is for use when the entire list has been suppressed, and not for when individual items are omitted - implementers may consider using a text note or a flag on an entry in these cases.",CodeableConcept,"['ele-1', 'lst-1']",,,,,,,http://hl7.org/fhir/StructureDefinition/elementdefinition-bindingName,ListEmptyReason,,required,"If a list is empty, why it is empty",https://fhir.nhs.uk/STU3/ValueSet/CareConnect-ListEmptyReasonCode-1,,,,,true,,"Allows capturing things like ""none exist"" or ""not asked"" which can be important for most lists.",,,,,,
