,source,element_id,element_path_value,element_short_value,element_definition_value,element_min_value,element_max_value,element_cardinality,element_base_path_value,element_base_min_value,element_base_max_value,element_constraint_key_value,element_constraint_severity_value,element_constraint_human_value,element_constraint_expression_value,element_constraint_xpath_value,element_mapping_identity_value,element_mapping_map_value,element_comment_value,element_type_code_value,element_condition_value,element_isSummary_value,element_isModifier_value,element_binding_extension_url,element_binding_extension_valueReference_reference_value,element_binding_extension_valueString_value,element_binding_extension_valueBoolean_value,element_binding_strength_value,element_binding_description_value,element_binding_valueSetReference_reference_value,element_representation_value,element_slicing_discriminator_type_value,element_slicing_discriminator_path_value,element_slicing_description_value,element_slicing_rules_value,element_alias_value,element_requirements_value,element_extension_url,element_extension_valueBoolean_value,element_example_label_value,element_example_valueUri_value,element_example_valueString_value,element_meaningWhenMissing_value,element_type_targetProfile_value,element_fixedCode_value,element_contentReference_value,element_binding_valueSetUri_value
0,ARS|s_GPConnect-Searchset-Bundle-1,Bundle,Bundle,Contains a collection of resources,A container for a collection of resources.,0,*,0..*,Resource,0,*,"['bdl-7', 'bdl-9', 'bdl-3', 'bdl-4', 'bdl-1', 'bdl-2']","['error', 'error', 'error', 'error', 'error', 'error']","['FullUrl must be unique in a bundle, or else entries with the same fullUrl must have different meta.versionId', 'A document must have an identifier with a system and a value', 'entry.request only for some types of bundles', 'entry.response only for some types of bundles', 'total only when a search or history', 'entry.search only when a search']","['entry.where(fullUrl).select(fullUrl&resource.meta.versionId).isDistinct()', ""type = 'document' implies (identifier.system.exists() and identifier.value.exists())"", ""entry.request.empty() or type = 'batch' or type = 'transaction' or type = 'history'"", ""entry.response.empty() or type = 'batch-response' or type = 'transaction-response'"", ""total.empty() or (type = 'searchset') or (type = 'history')"", ""entry.search.empty() or (type = 'searchset')""]","['count(for $entry in f:entry[f:resource] return $entry[count(parent::f:Bundle/f:entry[f:fullUrl/@value=$entry/f:fullUrl/@value and ((not(f:resource/*/f:meta/f:versionId/@value) and not($entry/f:resource/*/f:meta/f:versionId/@value)) or f:resource/*/f:meta/f:versionId/@value=$entry/f:resource/*/f:meta/f:versionId/@value)])!=1])=0', ""not(f:type/@value = 'document') or exists(f:identifier/f:system) or exists(f:identifier/f:value)"", ""not(f:entry/f:request) or (f:type/@value = 'batch') or (f:type/@value = 'transaction') or (f:type/@value = 'history')"", ""not(f:entry/f:response) or (f:type/@value = 'batch-response') or (f:type/@value = 'transaction-response')"", ""not(f:total) or (f:type/@value = 'searchset') or (f:type/@value = 'history')"", ""not(f:entry/f:search) or (f:type/@value = 'searchset')""]","['rim', 'v2', 'rim', 'w5']","['Entity. Role, or Act', 'N/A', 'N/A', 'infrastructure.structure']",,,,,,,,,,,,,,,,,,,,,,,,,,,,,
1,ARS|s_GPConnect-Searchset-Bundle-1,Bundle.id,Bundle.id,Logical id of this artifact,"The logical id of the resource, as used in the URL for the resource. Once assigned, this value never changes.",0,1,0..1,Resource.id,0,1,ele-1,error,All FHIR elements must have a @value or children,hasValue() | (children().count() > id.count()),@value|f:*|h:div,rim,n/a,The only time that a resource does not have an id is when it is being submitted to the server using a create operation.,id,ele-1,true,,,,,,,,,,,,,,,,,,,,,,,,,
2,ARS|s_GPConnect-Searchset-Bundle-1,Bundle.meta,Bundle.meta,Metadata about the resource,The metadata about the resource. This is content that is maintained by the infrastructure. Changes to the content may not always be associated with version changes to the resource.,0,1,0..1,Resource.meta,0,1,ele-1,error,All FHIR elements must have a @value or children,hasValue() | (children().count() > id.count()),@value|f:*|h:div,"['rim', 'rim']","['n/a', 'N/A']",,Meta,ele-1,true,,,,,,,,,,,,,,,,,,,,,,,,,
3,ARS|s_GPConnect-Searchset-Bundle-1,Bundle.implicitRules,Bundle.implicitRules,A set of rules under which this content was created,"A reference to a set of rules that were followed when the resource was constructed, and which must be understood when processing the content.",0,1,0..1,Resource.implicitRules,0,1,ele-1,error,All FHIR elements must have a @value or children,hasValue() | (children().count() > id.count()),@value|f:*|h:div,rim,n/a,"Asserting this rule set restricts the content to be only understood by a limited set of trading partners. This inherently limits the usefulness of the data in the long term. However, the existing health eco-system is highly fractured, and not yet ready to define, collect, and exchange data in a generally computable sense. Wherever possible, implementers and/or specification writers should avoid using this element.   This element is labelled as a modifier because the implicit rules may provide additional knowledge about the resource that modifies it's meaning or interpretation.",uri,ele-1,true,true,,,,,,,,,,,,,,,,,,,,,,,,
4,ARS|s_GPConnect-Searchset-Bundle-1,Bundle.language,Bundle.language,Language of the resource content,The base language in which the resource is written.,0,1,0..1,Resource.language,0,1,ele-1,error,All FHIR elements must have a @value or children,hasValue() | (children().count() > id.count()),@value|f:*|h:div,rim,n/a,"Language is provided to support indexing and accessibility (typically, services such as text to speech use the language tag). The html language tag in the narrative applies  to the narrative. The language tag on the resource may be used to specify the language of other presentations generated from the data in the resource  Not all the content has to be in the base language. The Resource.language should not be assumed to apply to the narrative automatically. If a language is specified, it should it also be specified on the div element in the html (see rules in HTML5 for information about the relationship between xml:lang and the html lang attribute).",code,ele-1,,,"['http://hl7.org/fhir/StructureDefinition/elementdefinition-maxValueSet', 'http://hl7.org/fhir/StructureDefinition/elementdefinition-bindingName', 'http://hl7.org/fhir/StructureDefinition/elementdefinition-isCommonBinding']",http://hl7.org/fhir/ValueSet/all-languages,Language,true,extensible,A human language.,http://hl7.org/fhir/ValueSet/languages,,,,,,,,,,,,,,,,,
5,ARS|s_GPConnect-Searchset-Bundle-1,Bundle.identifier,Bundle.identifier,Persistent identifier for the bundle,A persistent identifier for the batch that won't change as a batch is copied from server to server.,0,1,0..1,Bundle.identifier,0,1,ele-1,error,All FHIR elements must have a @value or children,hasValue() | (children().count() > id.count()),@value|f:*|h:div,"['rim', 'v2', 'rim', 'servd', 'w5']","['n/a', 'CX / EI (occasionally, more often EI maps to a resource id or a URL)', 'II - see see identifier pattern at http://wiki.hl7.org/index.php?title=Common_Design_Patterns#Identifier_Pattern for relevant discussion. The Identifier class is a little looser than the v3 type II because it allows URIs as well as registered OIDs or GUIDs.  Also maps to Role[classCode=IDENT]', 'Identifier', 'id']","Persistent identity generally only matters for batches of type Document, Message, and Collection. It would not normally be populated for search and history results, and servers ignore Bundle.identifier when processing batches and transactions. For Documents  the .identifier SHALL be populated such that the .identifier is globally unique.",Identifier,ele-1,true,,,,,,,,,,,,,,,,,,,,,,,,,
6,ARS|s_GPConnect-Searchset-Bundle-1,Bundle.identifier.id,Bundle.identifier.id,xml:id (or equivalent in JSON),unique id for the element within a resource (for internal references). This may be any string value that does not contain spaces.,0,1,0..1,Element.id,0,1,ele-1,error,All FHIR elements must have a @value or children,hasValue() | (children().count() > id.count()),@value|f:*|h:div,rim,n/a,Note that FHIR strings may not exceed 1MB in size,string,ele-1,,,,,,,,,,xmlAttr,,,,,,,,,,,,,,,,
7,ARS|s_GPConnect-Searchset-Bundle-1,Bundle.identifier.extension,Bundle.identifier.extension,Additional Content defined by implementations,"May be used to represent additional information that is not part of the basic definition of the element. In order to make the use of extensions safe and manageable, there is a strict set of governance  applied to the definition and use of extensions. Though any implementer is allowed to define an extension, there is a set of requirements that SHALL be met as part of the definition of the extension.",0,*,0..*,Element.extension,0,*,"['ele-1', 'ext-1']","['error', 'error']","['All FHIR elements must have a @value or children', 'Must have either extensions or value[x], not both']","['hasValue() | (children().count() > id.count())', 'extension.exists() != value.exists()']","['@value|f:*|h:div', ""exists(f:extension)!=exists(f:*[starts-with(local-name(.), 'value')])""]","['rim', 'rim']","['n/a', 'N/A']","There can be no stigma associated with the use of extensions by any application, project, or standard - regardless of the institution or jurisdiction that uses or defines the extensions.  The use of extensions is what allows the FHIR specification to retain a core level of simplicity for everyone.",Extension,ele-1,,,,,,,,,,,value,url,Extensions are always sliced by (at least) url,open,"['extensions', 'user content']",,,,,,,,,,,
8,ARS|s_GPConnect-Searchset-Bundle-1,Bundle.identifier.use,Bundle.identifier.use,usual | official | temp | secondary (If known),The purpose of this identifier.,0,1,0..1,Identifier.use,0,1,ele-1,error,All FHIR elements must have a @value or children,hasValue() | (children().count() > id.count()),@value|f:*|h:div,"['rim', 'v2', 'rim']","['n/a', 'N/A', 'Role.code or implied by context']","This is labeled as ""Is Modifier"" because applications should not mistake a temporary id for a permanent one. Applications can assume that an identifier is permanent unless it explicitly says that it is temporary.",code,ele-1,true,true,http://hl7.org/fhir/StructureDefinition/elementdefinition-bindingName,,IdentifierUse,,required,"Identifies the purpose for this identifier, if known .",http://hl7.org/fhir/ValueSet/identifier-use,,,,,,,Allows the appropriate identifier for a particular context of use to be selected from among a set of identifiers.,,,,,,,,,,
9,ARS|s_GPConnect-Searchset-Bundle-1,Bundle.identifier.type,Bundle.identifier.type,Description of identifier,A coded type for the identifier that can be used to determine which identifier to use for a specific purpose.,0,1,0..1,Identifier.type,0,1,ele-1,error,All FHIR elements must have a @value or children,hasValue() | (children().count() > id.count()),@value|f:*|h:div,"['rim', 'v2', 'rim', 'orim', 'v2', 'rim']","['n/a', 'CE/CNE/CWE', 'CD', 'fhir:CodeableConcept rdfs:subClassOf dt:CD', 'CX.5', 'Role.code or implied by context']","This element deals only with general categories of identifiers.  It SHOULD not be used for codes that correspond 1..1 with the Identifier.system. Some identifiers may fall into multiple categories due to common usage.   Where the system is known, a type is unnecessary because the type is always part of the system definition. However systems often need to handle identifiers where the system is not known. There is not a 1:1 relationship between type and system, since many different systems have the same type.",CodeableConcept,ele-1,true,,"['http://hl7.org/fhir/StructureDefinition/elementdefinition-bindingName', 'http://hl7.org/fhir/StructureDefinition/elementdefinition-isCommonBinding']",,IdentifierType,true,extensible,A coded type for an identifier that can be used to determine which identifier to use for a specific purpose.,http://hl7.org/fhir/ValueSet/identifier-type,,,,,,,Allows users to make use of identifiers when the identifier system is not known.,,,,,,,,,,
10,ARS|s_GPConnect-Searchset-Bundle-1,Bundle.identifier.type.id,Bundle.identifier.type.id,xml:id (or equivalent in JSON),unique id for the element within a resource (for internal references). This may be any string value that does not contain spaces.,0,1,0..1,Element.id,0,1,ele-1,error,All FHIR elements must have a @value or children,hasValue() | (children().count() > id.count()),@value|f:*|h:div,rim,n/a,Note that FHIR strings may not exceed 1MB in size,string,ele-1,,,,,,,,,,xmlAttr,,,,,,,,,,,,,,,,
11,ARS|s_GPConnect-Searchset-Bundle-1,Bundle.identifier.type.extension,Bundle.identifier.type.extension,Additional Content defined by implementations,"May be used to represent additional information that is not part of the basic definition of the element. In order to make the use of extensions safe and manageable, there is a strict set of governance  applied to the definition and use of extensions. Though any implementer is allowed to define an extension, there is a set of requirements that SHALL be met as part of the definition of the extension.",0,*,0..*,Element.extension,0,*,"['ele-1', 'ext-1']","['error', 'error']","['All FHIR elements must have a @value or children', 'Must have either extensions or value[x], not both']","['hasValue() | (children().count() > id.count())', 'extension.exists() != value.exists()']","['@value|f:*|h:div', ""exists(f:extension)!=exists(f:*[starts-with(local-name(.), 'value')])""]","['rim', 'rim']","['n/a', 'N/A']","There can be no stigma associated with the use of extensions by any application, project, or standard - regardless of the institution or jurisdiction that uses or defines the extensions.  The use of extensions is what allows the FHIR specification to retain a core level of simplicity for everyone.",Extension,ele-1,,,,,,,,,,,value,url,Extensions are always sliced by (at least) url,open,"['extensions', 'user content']",,,,,,,,,,,
12,ARS|s_GPConnect-Searchset-Bundle-1,Bundle.identifier.type.coding,Bundle.identifier.type.coding,Code defined by a terminology system,A reference to a code defined by a terminology system.,0,*,0..*,CodeableConcept.coding,0,*,ele-1,error,All FHIR elements must have a @value or children,hasValue() | (children().count() > id.count()),@value|f:*|h:div,"['rim', 'v2', 'rim', 'orim', 'v2', 'rim', 'orim']","['n/a', 'CE/CNE/CWE subset one of the sets of component 1-3 or 4-6', 'CV', 'fhir:Coding rdfs:subClassOf dt:CDCoding', 'C*E.1-8, C*E.10-22', 'union(., ./translation)', 'fhir:CodeableConcept.coding rdfs:subPropertyOf dt:CD.coding']","Codes may be defined very casually in enumerations, or code lists, up to very formal definitions such as SNOMED CT - see the HL7 v3 Core Principles for more information.  Ordering of codings is undefined and SHALL NOT be used to infer meaning. Generally, at most only one of the coding values will be labeled as UserSelected = true.",Coding,ele-1,true,,,,,,,,,,,,,,,Allows for translations and alternate encodings within a code system.  Also supports communication of the same instance to systems requiring different encodings.,,,,,,,,,,
13,ARS|s_GPConnect-Searchset-Bundle-1,Bundle.identifier.type.coding.id,Bundle.identifier.type.coding.id,xml:id (or equivalent in JSON),unique id for the element within a resource (for internal references). This may be any string value that does not contain spaces.,0,1,0..1,Element.id,0,1,ele-1,error,All FHIR elements must have a @value or children,hasValue() | (children().count() > id.count()),@value|f:*|h:div,rim,n/a,Note that FHIR strings may not exceed 1MB in size,string,ele-1,,,,,,,,,,xmlAttr,,,,,,,,,,,,,,,,
14,ARS|s_GPConnect-Searchset-Bundle-1,Bundle.identifier.type.coding.extension,Bundle.identifier.type.coding.extension,Additional Content defined by implementations,"May be used to represent additional information that is not part of the basic definition of the element. In order to make the use of extensions safe and manageable, there is a strict set of governance  applied to the definition and use of extensions. Though any implementer is allowed to define an extension, there is a set of requirements that SHALL be met as part of the definition of the extension.",0,*,0..*,Element.extension,0,*,"['ele-1', 'ext-1']","['error', 'error']","['All FHIR elements must have a @value or children', 'Must have either extensions or value[x], not both']","['hasValue() | (children().count() > id.count())', 'extension.exists() != value.exists()']","['@value|f:*|h:div', ""exists(f:extension)!=exists(f:*[starts-with(local-name(.), 'value')])""]","['rim', 'rim']","['n/a', 'N/A']","There can be no stigma associated with the use of extensions by any application, project, or standard - regardless of the institution or jurisdiction that uses or defines the extensions.  The use of extensions is what allows the FHIR specification to retain a core level of simplicity for everyone.",Extension,ele-1,,,,,,,,,,,value,url,Extensions are always sliced by (at least) url,open,"['extensions', 'user content']",,,,,,,,,,,
15,ARS|s_GPConnect-Searchset-Bundle-1,Bundle.identifier.type.coding.system,Bundle.identifier.type.coding.system,Identity of the terminology system,The identification of the code system that defines the meaning of the symbol in the code.,0,1,0..1,Coding.system,0,1,ele-1,error,All FHIR elements must have a @value or children,hasValue() | (children().count() > id.count()),@value|f:*|h:div,"['rim', 'v2', 'rim', 'orim']","['n/a', 'C*E.3', './codeSystem', 'fhir:Coding.system rdfs:subPropertyOf dt:CDCoding.codeSystem']","The URI may be an OID (urn:oid:...) or a UUID (urn:uuid:...).  OIDs and UUIDs SHALL be references to the HL7 OID registry. Otherwise, the URI should come from HL7's list of FHIR defined special URIs or it should de-reference to some definition that establish the system clearly and unambiguously.",uri,ele-1,true,,,,,,,,,,,,,,,Need to be unambiguous about the source of the definition of the symbol.,,,,,,,,,,
16,ARS|s_GPConnect-Searchset-Bundle-1,Bundle.identifier.type.coding.version,Bundle.identifier.type.coding.version,Version of the system - if relevant,"The version of the code system which was used when choosing this code. Note that a well-maintained code system does not need the version reported, because the meaning of codes is consistent across versions. However this cannot consistently be assured. and when the meaning is not guaranteed to be consistent, the version SHOULD be exchanged.",0,1,0..1,Coding.version,0,1,ele-1,error,All FHIR elements must have a @value or children,hasValue() | (children().count() > id.count()),@value|f:*|h:div,"['rim', 'v2', 'rim', 'orim']","['n/a', 'C*E.7', './codeSystemVersion', 'fhir:Coding.version rdfs:subPropertyOf dt:CDCoding.codeSystemVersion']","Where the terminology does not clearly define what string should be used to identify code system versions, the recommendation is to use the date (expressed in FHIR date format) on which that version was officially published as the version date.",string,ele-1,true,,,,,,,,,,,,,,,,,,,,,,,,,
17,ARS|s_GPConnect-Searchset-Bundle-1,Bundle.identifier.type.coding.code,Bundle.identifier.type.coding.code,Symbol in syntax defined by the system,A symbol in syntax defined by the system. The symbol may be a predefined code or an expression in a syntax defined by the coding system (e.g. post-coordination).,0,1,0..1,Coding.code,0,1,ele-1,error,All FHIR elements must have a @value or children,hasValue() | (children().count() > id.count()),@value|f:*|h:div,"['rim', 'v2', 'rim', 'orim']","['n/a', 'C*E.1', './code', 'fhir:Coding.code rdfs:subPropertyOf dt:CDCoding.code']",Note that FHIR strings may not exceed 1MB in size,code,ele-1,true,,,,,,,,,,,,,,,Need to refer to a particular code in the system.,,,,,,,,,,
18,ARS|s_GPConnect-Searchset-Bundle-1,Bundle.identifier.type.coding.display,Bundle.identifier.type.coding.display,Representation defined by the system,"A representation of the meaning of the code in the system, following the rules of the system.",0,1,0..1,Coding.display,0,1,ele-1,error,All FHIR elements must have a @value or children,hasValue() | (children().count() > id.count()),@value|f:*|h:div,"['rim', 'v2', 'rim', 'orim']","['n/a', 'C*E.2 - but note this is not well followed', 'CV.displayName', 'fhir:Coding.display rdfs:subPropertyOf dt:CDCoding.displayName']",Note that FHIR strings may not exceed 1MB in size,string,ele-1,true,,,,,,,,,,,,,,,Need to be able to carry a human-readable meaning of the code for readers that do not know  the system.,http://hl7.org/fhir/StructureDefinition/elementdefinition-translatable,true,,,,,,,,
19,ARS|s_GPConnect-Searchset-Bundle-1,Bundle.identifier.type.coding.userSelected,Bundle.identifier.type.coding.userSelected,If this coding was chosen directly by the user,Indicates that this coding was chosen by a user directly - i.e. off a pick list of available items (codes or displays).,0,1,0..1,Coding.userSelected,0,1,ele-1,error,All FHIR elements must have a @value or children,hasValue() | (children().count() > id.count()),@value|f:*|h:div,"['rim', 'v2', 'rim', 'orim']","['n/a', 'Sometimes implied by being first', 'CD.codingRationale', 'fhir:Coding.userSelected fhir:mapsTo dt:CDCoding.codingRationale. fhir:Coding.userSelected fhir:hasMap fhir:Coding.userSelected.map. fhir:Coding.userSelected.map a fhir:Map;   fhir:target dt:CDCoding.codingRationale. fhir:Coding.userSelected\\#true a [     fhir:source ""true"";     fhir:target dt:CDCoding.codingRationale\\#O   ]']","Amongst a set of alternatives, a directly chosen code is the most appropriate starting point for new translations. There is some ambiguity about what exactly 'directly chosen' implies, and trading partner agreement may be needed to clarify the use of this element and its consequences more completely.",boolean,ele-1,true,,,,,,,,,,,,,,,"This has been identified as a clinical safety criterium - that this exact system/code pair was chosen explicitly, rather than inferred by the system based on some rules or language processing.",,,,,,,,,,
20,ARS|s_GPConnect-Searchset-Bundle-1,Bundle.identifier.type.text,Bundle.identifier.type.text,Plain text representation of the concept,A human language representation of the concept as seen/selected/uttered by the user who entered the data and/or which represents the intended meaning of the user.,0,1,0..1,CodeableConcept.text,0,1,ele-1,error,All FHIR elements must have a @value or children,hasValue() | (children().count() > id.count()),@value|f:*|h:div,"['rim', 'v2', 'rim', 'orim']","['n/a', 'C*E.9. But note many systems use C*E.2 for this', './originalText[mediaType/code=""text/plain""]/data', 'fhir:CodeableConcept.text rdfs:subPropertyOf dt:CD.originalText']",Very often the text is the same as a displayName of one of the codings.,string,ele-1,true,,,,,,,,,,,,,,,"The codes from the terminologies do not always capture the correct meaning with all the nuances of the human using them, or sometimes there is no appropriate code at all. In these cases, the text is used to capture the full meaning of the source.",http://hl7.org/fhir/StructureDefinition/elementdefinition-translatable,true,,,,,,,,
21,ARS|s_GPConnect-Searchset-Bundle-1,Bundle.identifier.system,Bundle.identifier.system,The namespace for the identifier value,"Establishes the namespace for the value - that is, a URL that describes a set values that are unique.",0,1,0..1,Identifier.system,0,1,ele-1,error,All FHIR elements must have a @value or children,hasValue() | (children().count() > id.count()),@value|f:*|h:div,"['rim', 'v2', 'rim', 'servd']","['n/a', 'CX.4 / EI-2-4', 'II.root or Role.id.root', './IdentifierType']",see http://en.wikipedia.org/wiki/Uniform_resource_identifier,uri,ele-1,true,,,,,,,,,,,,,,,"There are many sets  of identifiers.  To perform matching of two identifiers, we need to know what set we're dealing with. The system identifies a particular set of unique identifiers.",,,General,http://www.acme.com/identifiers/patient or urn:ietf:rfc:3986 if the Identifier.value itself is a full uri,,,,,,
22,ARS|s_GPConnect-Searchset-Bundle-1,Bundle.identifier.value,Bundle.identifier.value,The value that is unique,The portion of the identifier typically relevant to the user and which is unique within the context of the system.,0,1,0..1,Identifier.value,0,1,ele-1,error,All FHIR elements must have a @value or children,hasValue() | (children().count() > id.count()),@value|f:*|h:div,"['rim', 'v2', 'rim', 'servd']","['n/a', 'CX.1 / EI.1', 'II.extension or II.root if system indicates OID or GUID (Or Role.id.extension or root)', './Value']","If the value is a full URI, then the system SHALL be urn:ietf:rfc:3986.  The value's primary purpose is computational mapping.  As a result, it may be normalized for comparison purposes (e.g. removing non-significant whitespace, dashes, etc.)  A value formatted for human display can be conveyed using the [Rendered Value extension](extension-rendered-value.html).",string,ele-1,true,,,,,,,,,,,,,,,,,,General,,123456,,,,,
23,ARS|s_GPConnect-Searchset-Bundle-1,Bundle.identifier.period,Bundle.identifier.period,Time period when id is/was valid for use,Time period during which identifier is/was valid for use.,0,1,0..1,Identifier.period,0,1,"['ele-1', 'per-1']","['error', 'error']","['All FHIR elements must have a @value or children', 'If present, start SHALL have a lower value than end']","['hasValue() | (children().count() > id.count())', 'start.empty() or end.empty() or (start <= end)']","['@value|f:*|h:div', 'not(exists(f:start)) or not(exists(f:end)) or (f:start/@value <= f:end/@value)']","['rim', 'v2', 'rim', 'v2', 'rim', 'servd']","['n/a', 'DR', 'IVL<TS>[lowClosed=""true"" and highClosed=""true""] or URG<TS>[lowClosed=""true"" and highClosed=""true""]', 'CX.7 + CX.8', 'Role.effectiveTime or implied by context', './StartDate and ./EndDate']","This is not a duration - that's a measure of time (a separate type), but a duration that occurs at a fixed value of time. A Period specifies a range of time; the context of use will specify whether the entire range applies (e.g. ""the patient was an inpatient of the hospital for this time range"") or one value from the range applies (e.g. ""give to the patient between these two times""). If duration is required, specify the type as Interval|Duration.",Period,ele-1,true,,,,,,,,,,,,,,,,,,,,,,,,,
24,ARS|s_GPConnect-Searchset-Bundle-1,Bundle.identifier.period.id,Bundle.identifier.period.id,xml:id (or equivalent in JSON),unique id for the element within a resource (for internal references). This may be any string value that does not contain spaces.,0,1,0..1,Element.id,0,1,ele-1,error,All FHIR elements must have a @value or children,hasValue() | (children().count() > id.count()),@value|f:*|h:div,rim,n/a,Note that FHIR strings may not exceed 1MB in size,string,ele-1,,,,,,,,,,xmlAttr,,,,,,,,,,,,,,,,
25,ARS|s_GPConnect-Searchset-Bundle-1,Bundle.identifier.period.extension,Bundle.identifier.period.extension,Additional Content defined by implementations,"May be used to represent additional information that is not part of the basic definition of the element. In order to make the use of extensions safe and manageable, there is a strict set of governance  applied to the definition and use of extensions. Though any implementer is allowed to define an extension, there is a set of requirements that SHALL be met as part of the definition of the extension.",0,*,0..*,Element.extension,0,*,"['ele-1', 'ext-1']","['error', 'error']","['All FHIR elements must have a @value or children', 'Must have either extensions or value[x], not both']","['hasValue() | (children().count() > id.count())', 'extension.exists() != value.exists()']","['@value|f:*|h:div', ""exists(f:extension)!=exists(f:*[starts-with(local-name(.), 'value')])""]","['rim', 'rim']","['n/a', 'N/A']","There can be no stigma associated with the use of extensions by any application, project, or standard - regardless of the institution or jurisdiction that uses or defines the extensions.  The use of extensions is what allows the FHIR specification to retain a core level of simplicity for everyone.",Extension,ele-1,,,,,,,,,,,value,url,Extensions are always sliced by (at least) url,open,"['extensions', 'user content']",,,,,,,,,,,
26,ARS|s_GPConnect-Searchset-Bundle-1,Bundle.identifier.period.start,Bundle.identifier.period.start,Starting time with inclusive boundary,The start of the period. The boundary is inclusive.,0,1,0..1,Period.start,0,1,ele-1,error,All FHIR elements must have a @value or children,hasValue() | (children().count() > id.count()),@value|f:*|h:div,"['rim', 'v2', 'rim']","['n/a', 'DR.1', './low']","If the low element is missing, the meaning is that the low boundary is not known.",dateTime,"['ele-1', 'per-1']",true,,,,,,,,,,,,,,,,,,,,,,,,,
27,ARS|s_GPConnect-Searchset-Bundle-1,Bundle.identifier.period.end,Bundle.identifier.period.end,"End time with inclusive boundary, if not ongoing","The end of the period. If the end of the period is missing, it means that the period is ongoing. The start may be in the past, and the end date in the future, which means that period is expected/planned to end at that time.",0,1,0..1,Period.end,0,1,ele-1,error,All FHIR elements must have a @value or children,hasValue() | (children().count() > id.count()),@value|f:*|h:div,"['rim', 'v2', 'rim']","['n/a', 'DR.2', './high']",The high value includes any matching date/time. i.e. 2012-02-03T10:00:00 is in a period that has a end value of 2012-02-03.,dateTime,"['ele-1', 'per-1']",true,,,,,,,,,,,,,,,,,,,,,"If the end of the period is missing, it means that the period is ongoing",,,,
28,ARS|s_GPConnect-Searchset-Bundle-1,Bundle.identifier.assigner,Bundle.identifier.assigner,Organization that issued id (may be just text),Organization that issued/manages the identifier.,0,1,0..1,Identifier.assigner,0,1,"['ele-1', 'ref-1']","['error', 'error']","['All FHIR elements must have a @value or children', 'SHALL have a contained resource if a local reference is provided']","['hasValue() | (children().count() > id.count())', ""reference.startsWith('#').not() or (reference.substring(1).trace('url') in %resource.contained.id.trace('ids'))""]","['@value|f:*|h:div', ""not(starts-with(f:reference/@value, '#')) or exists(ancestor::*[self::f:entry or self::f:parameter]/f:resource/f:*/f:contained/f:*[f:id/@value=substring-after(current()/f:reference/@value, '#')]|/*/f:contained/f:*[f:id/@value=substring-after(current()/f:reference/@value, '#')])""]","['rim', 'rim', 'v2', 'rim', 'servd']","['n/a', 'The target of a resource reference is a RIM entry point (Act, Role, or Entity)', 'CX.4 / (CX.4,CX.9,CX.10)', 'II.assigningAuthorityName but note that this is an improper use by the definition of the field.  Also Role.scoper', './IdentifierIssuingAuthority']",The Identifier.assigner may omit the .reference element and only contain a .display element reflecting the name or other textual information about the assigning organization.,Reference,ele-1,true,,,,,,,,,,,,,,,,,,,,,,https://fhir.nhs.uk/STU3/StructureDefinition/CareConnect-GPC-Organization-1,,,
29,ARS|s_GPConnect-Searchset-Bundle-1,Bundle.identifier.assigner.id,Bundle.identifier.assigner.id,xml:id (or equivalent in JSON),unique id for the element within a resource (for internal references). This may be any string value that does not contain spaces.,0,1,0..1,Element.id,0,1,ele-1,error,All FHIR elements must have a @value or children,hasValue() | (children().count() > id.count()),@value|f:*|h:div,rim,n/a,Note that FHIR strings may not exceed 1MB in size,string,ele-1,,,,,,,,,,xmlAttr,,,,,,,,,,,,,,,,
30,ARS|s_GPConnect-Searchset-Bundle-1,Bundle.identifier.assigner.extension,Bundle.identifier.assigner.extension,Additional Content defined by implementations,"May be used to represent additional information that is not part of the basic definition of the element. In order to make the use of extensions safe and manageable, there is a strict set of governance  applied to the definition and use of extensions. Though any implementer is allowed to define an extension, there is a set of requirements that SHALL be met as part of the definition of the extension.",0,*,0..*,Element.extension,0,*,"['ele-1', 'ext-1']","['error', 'error']","['All FHIR elements must have a @value or children', 'Must have either extensions or value[x], not both']","['hasValue() | (children().count() > id.count())', 'extension.exists() != value.exists()']","['@value|f:*|h:div', ""exists(f:extension)!=exists(f:*[starts-with(local-name(.), 'value')])""]","['rim', 'rim']","['n/a', 'N/A']","There can be no stigma associated with the use of extensions by any application, project, or standard - regardless of the institution or jurisdiction that uses or defines the extensions.  The use of extensions is what allows the FHIR specification to retain a core level of simplicity for everyone.",Extension,ele-1,,,,,,,,,,,value,url,Extensions are always sliced by (at least) url,open,"['extensions', 'user content']",,,,,,,,,,,
31,ARS|s_GPConnect-Searchset-Bundle-1,Bundle.identifier.assigner.reference,Bundle.identifier.assigner.reference,"Literal reference, Relative, internal or absolute URL","A reference to a location at which the other resource is found. The reference may be a relative reference, in which case it is relative to the service base URL, or an absolute URL that resolves to the location where the resource is found. The reference may be version specific or not. If the reference is not to a FHIR RESTful server, then it should be assumed to be version specific. Internal fragment references (start with '#') refer to contained resources.",0,1,0..1,Reference.reference,0,1,ele-1,error,All FHIR elements must have a @value or children,hasValue() | (children().count() > id.count()),@value|f:*|h:div,"['rim', 'rim']","['n/a', 'N/A']","Using absolute URLs provides a stable scalable approach suitable for a cloud/web context, while using relative/logical references provides a flexible approach suitable for use when trading across closed eco-system boundaries.   Absolute URLs do not need to point to a FHIR RESTful server, though this is the preferred approach. If the URL conforms to the structure ""/[type]/[id]"" then it should be assumed that the reference is to a FHIR RESTful server.",string,"['ele-1', 'ref-1']",true,,,,,,,,,,,,,,,,,,,,,,,,,
32,ARS|s_GPConnect-Searchset-Bundle-1,Bundle.identifier.assigner.identifier,Bundle.identifier.assigner.identifier,"Logical reference, when literal reference is not known","An identifier for the other resource. This is used when there is no way to reference the other resource directly, either because the entity is not available through a FHIR server, or because there is no way for the author of the resource to convert a known identifier to an actual location. There is no requirement that a Reference.identifier point to something that is actually exposed as a FHIR instance, but it SHALL point to a business concept that would be expected to be exposed as a FHIR instance, and that instance would need to be of a FHIR resource type allowed by the reference.",0,1,0..1,Reference.identifier,0,1,ele-1,error,All FHIR elements must have a @value or children,hasValue() | (children().count() > id.count()),@value|f:*|h:div,"['rim', 'v2', 'rim', 'servd', 'rim']","['n/a', 'CX / EI (occasionally, more often EI maps to a resource id or a URL)', 'II - see see identifier pattern at http://wiki.hl7.org/index.php?title=Common_Design_Patterns#Identifier_Pattern for relevant discussion. The Identifier class is a little looser than the v3 type II because it allows URIs as well as registered OIDs or GUIDs.  Also maps to Role[classCode=IDENT]', 'Identifier', '.identifier']","When an identifier is provided in place of a reference, any system processing the reference will only be able to resolve the identifier to a reference if it understands the business context in which the identifier is used. Sometimes this is global (e.g. a national identifier) but often it is not. For this reason, none of the useful mechanisms described for working with references (e.g. chaining, includes) are possible, nor should servers be expected to be able resolve the reference. Servers may accept an identifier based reference untouched, resolve it, and/or reject it - see CapabilityStatement.rest.resource.referencePolicy.   When both an identifier and a literal reference are provided, the literal reference is preferred. Applications processing the resource are allowed - but not required - to check that the identifier matches the literal reference  Applications converting a logical reference to a literal reference may choose to leave the logical reference present, or remove it.",Identifier,ele-1,true,,,,,,,,,,,,,,,,,,,,,,,,,
33,ARS|s_GPConnect-Searchset-Bundle-1,Bundle.identifier.assigner.display,Bundle.identifier.assigner.display,Text alternative for the resource,Plain text narrative that identifies the resource in addition to the resource reference.,0,1,0..1,Reference.display,0,1,ele-1,error,All FHIR elements must have a @value or children,hasValue() | (children().count() > id.count()),@value|f:*|h:div,"['rim', 'rim']","['n/a', 'N/A']","This is generally not the same as the Resource.text of the referenced resource.  The purpose is to identify what's being referenced, not to fully describe it.",string,ele-1,true,,,,,,,,,,,,,,,,http://hl7.org/fhir/StructureDefinition/elementdefinition-translatable,true,,,,,,,,
34,ARS|s_GPConnect-Searchset-Bundle-1,Bundle.type,Bundle.type,document | message | transaction | transaction-response | batch | batch-response | history | searchset | collection,Indicates the purpose of this bundle - how it was intended to be used.,1,1,1..1,Bundle.type,1,1,ele-1,error,All FHIR elements must have a @value or children,hasValue() | (children().count() > id.count()),@value|f:*|h:div,"['rim', 'w5']","['n/a', 'class']",It's possible to use a bundle for other purposes (e.g. a document can be accepted as a transaction). This is primarily defined so that there can be specific rules for some of the bundle types.,code,ele-1,true,,http://hl7.org/fhir/StructureDefinition/elementdefinition-bindingName,,BundleType,,required,Indicates the purpose of a bundle - how it was intended to be used.,http://hl7.org/fhir/ValueSet/bundle-type,,,,,,,,,,,,,,,searchset,,
35,ARS|s_GPConnect-Searchset-Bundle-1,Bundle.total,Bundle.total,"If search, the total number of matches","If a set of search matches, this is the total number of matches for the search (as opposed to the number of results in this bundle).",0,0,0..0,Bundle.total,0,1,ele-1,error,All FHIR elements must have a @value or children,hasValue() | (children().count() > id.count()),@value|f:*|h:div,rim,n/a,"Only used if the bundle is a search result set. The total does not include resources such as OperationOutcome and included resources, only the total number of matching resources.",unsignedInt,"['ele-1', 'bdl-1']",true,,,,,,,,,,,,,,,,,,,,,,,,,
36,ARS|s_GPConnect-Searchset-Bundle-1,Bundle.link,Bundle.link,Links related to this Bundle,A series of links that provide context to this bundle.,0,0,0..0,Bundle.link,0,*,ele-1,error,All FHIR elements must have a @value or children,hasValue() | (children().count() > id.count()),@value|f:*|h:div,rim,n/a,,BackboneElement,ele-1,true,,,,,,,,,,,,,,,,,,,,,,,,,
37,ARS|s_GPConnect-Searchset-Bundle-1,Bundle.link.id,Bundle.link.id,xml:id (or equivalent in JSON),unique id for the element within a resource (for internal references). This may be any string value that does not contain spaces.,0,1,0..1,Element.id,0,1,ele-1,error,All FHIR elements must have a @value or children,hasValue() | (children().count() > id.count()),@value|f:*|h:div,rim,n/a,Note that FHIR strings may not exceed 1MB in size,string,ele-1,,,,,,,,,,xmlAttr,,,,,,,,,,,,,,,,
38,ARS|s_GPConnect-Searchset-Bundle-1,Bundle.link.extension,Bundle.link.extension,Additional Content defined by implementations,"May be used to represent additional information that is not part of the basic definition of the element. In order to make the use of extensions safe and manageable, there is a strict set of governance  applied to the definition and use of extensions. Though any implementer is allowed to define an extension, there is a set of requirements that SHALL be met as part of the definition of the extension.",0,*,0..*,Element.extension,0,*,"['ele-1', 'ext-1']","['error', 'error']","['All FHIR elements must have a @value or children', 'Must have either extensions or value[x], not both']","['hasValue() | (children().count() > id.count())', 'extension.exists() != value.exists()']","['@value|f:*|h:div', ""exists(f:extension)!=exists(f:*[starts-with(local-name(.), 'value')])""]","['rim', 'rim']","['n/a', 'N/A']","There can be no stigma associated with the use of extensions by any application, project, or standard - regardless of the institution or jurisdiction that uses or defines the extensions.  The use of extensions is what allows the FHIR specification to retain a core level of simplicity for everyone.",Extension,ele-1,,,,,,,,,,,value,url,Extensions are always sliced by (at least) url,open,"['extensions', 'user content']",,,,,,,,,,,
39,ARS|s_GPConnect-Searchset-Bundle-1,Bundle.link.modifierExtension,Bundle.link.modifierExtension,Extensions that cannot be ignored,"May be used to represent additional information that is not part of the basic definition of the element, and that modifies the understanding of the element that contains it. Usually modifier elements provide negation or qualification. In order to make the use of extensions safe and manageable, there is a strict set of governance applied to the definition and use of extensions. Though any implementer is allowed to define an extension, there is a set of requirements that SHALL be met as part of the definition of the extension. Applications processing a resource are required to check for modifier extensions.",0,*,0..*,BackboneElement.modifierExtension,0,*,"['ele-1', 'ext-1']","['error', 'error']","['All FHIR elements must have a @value or children', 'Must have either extensions or value[x], not both']","['hasValue() | (children().count() > id.count())', 'extension.exists() != value.exists()']","['@value|f:*|h:div', ""exists(f:extension)!=exists(f:*[starts-with(local-name(.), 'value')])""]","['rim', 'rim']","['n/a', 'N/A']","There can be no stigma associated with the use of extensions by any application, project, or standard - regardless of the institution or jurisdiction that uses or defines the extensions.  The use of extensions is what allows the FHIR specification to retain a core level of simplicity for everyone.",Extension,ele-1,true,true,,,,,,,,,,,,,"['extensions', 'user content', 'modifiers']",,,,,,,,,,,
40,ARS|s_GPConnect-Searchset-Bundle-1,Bundle.link.relation,Bundle.link.relation,See http://www.iana.org/assignments/link-relations/link-relations.xhtml#link-relations-1,A name which details the functional use for this link - see [http://www.iana.org/assignments/link-relations/link-relations.xhtml#link-relations-1](http://www.iana.org/assignments/link-relations/link-relations.xhtml#link-relations-1).,1,1,1..1,Bundle.link.relation,1,1,ele-1,error,All FHIR elements must have a @value or children,hasValue() | (children().count() > id.count()),@value|f:*|h:div,rim,n/a,Note that FHIR strings may not exceed 1MB in size,string,ele-1,true,,,,,,,,,,,,,,,,,,,,,,,,,
41,ARS|s_GPConnect-Searchset-Bundle-1,Bundle.link.url,Bundle.link.url,Reference details for the link,The reference details for the link.,1,1,1..1,Bundle.link.url,1,1,ele-1,error,All FHIR elements must have a @value or children,hasValue() | (children().count() > id.count()),@value|f:*|h:div,rim,n/a,see http://en.wikipedia.org/wiki/Uniform_resource_identifier,uri,ele-1,true,,,,,,,,,,,,,,,,,,,,,,,,,
42,ARS|s_GPConnect-Searchset-Bundle-1,Bundle.entry,Bundle.entry,"Entry in the bundle - will have a resource, or information","An entry in a bundle resource - will either contain a resource, or information about a resource (transactions and history only).",0,*,0..*,Bundle.entry,0,*,"['ele-1', 'bdl-8', 'bdl-5']","['error', 'error', 'error']","['All FHIR elements must have a @value or children', 'fullUrl cannot be a version specific reference', ""must be a resource unless there's a request or response""]","['hasValue() | (children().count() > id.count())', ""fullUrl.contains('/_history/').not()"", 'resource.exists() or request.exists() or response.exists()']","['@value|f:*|h:div', ""not(exists(f:fullUrl[contains(string(@value), '/_history/')]))"", 'exists(f:resource) or exists(f:request) or exists(f:response)']",rim,n/a,,BackboneElement,ele-1,true,,,,,,,,,,,,,,,,,,,,,,,,,
43,ARS|s_GPConnect-Searchset-Bundle-1,Bundle.entry.id,Bundle.entry.id,xml:id (or equivalent in JSON),unique id for the element within a resource (for internal references). This may be any string value that does not contain spaces.,0,1,0..1,Element.id,0,1,ele-1,error,All FHIR elements must have a @value or children,hasValue() | (children().count() > id.count()),@value|f:*|h:div,rim,n/a,Note that FHIR strings may not exceed 1MB in size,string,ele-1,,,,,,,,,,xmlAttr,,,,,,,,,,,,,,,,
44,ARS|s_GPConnect-Searchset-Bundle-1,Bundle.entry.extension,Bundle.entry.extension,Additional Content defined by implementations,"May be used to represent additional information that is not part of the basic definition of the element. In order to make the use of extensions safe and manageable, there is a strict set of governance  applied to the definition and use of extensions. Though any implementer is allowed to define an extension, there is a set of requirements that SHALL be met as part of the definition of the extension.",0,*,0..*,Element.extension,0,*,"['ele-1', 'ext-1']","['error', 'error']","['All FHIR elements must have a @value or children', 'Must have either extensions or value[x], not both']","['hasValue() | (children().count() > id.count())', 'extension.exists() != value.exists()']","['@value|f:*|h:div', ""exists(f:extension)!=exists(f:*[starts-with(local-name(.), 'value')])""]","['rim', 'rim']","['n/a', 'N/A']","There can be no stigma associated with the use of extensions by any application, project, or standard - regardless of the institution or jurisdiction that uses or defines the extensions.  The use of extensions is what allows the FHIR specification to retain a core level of simplicity for everyone.",Extension,ele-1,,,,,,,,,,,value,url,Extensions are always sliced by (at least) url,open,"['extensions', 'user content']",,,,,,,,,,,
45,ARS|s_GPConnect-Searchset-Bundle-1,Bundle.entry.modifierExtension,Bundle.entry.modifierExtension,Extensions that cannot be ignored,"May be used to represent additional information that is not part of the basic definition of the element, and that modifies the understanding of the element that contains it. Usually modifier elements provide negation or qualification. In order to make the use of extensions safe and manageable, there is a strict set of governance applied to the definition and use of extensions. Though any implementer is allowed to define an extension, there is a set of requirements that SHALL be met as part of the definition of the extension. Applications processing a resource are required to check for modifier extensions.",0,*,0..*,BackboneElement.modifierExtension,0,*,"['ele-1', 'ext-1']","['error', 'error']","['All FHIR elements must have a @value or children', 'Must have either extensions or value[x], not both']","['hasValue() | (children().count() > id.count())', 'extension.exists() != value.exists()']","['@value|f:*|h:div', ""exists(f:extension)!=exists(f:*[starts-with(local-name(.), 'value')])""]","['rim', 'rim']","['n/a', 'N/A']","There can be no stigma associated with the use of extensions by any application, project, or standard - regardless of the institution or jurisdiction that uses or defines the extensions.  The use of extensions is what allows the FHIR specification to retain a core level of simplicity for everyone.",Extension,ele-1,true,true,,,,,,,,,,,,,"['extensions', 'user content', 'modifiers']",,,,,,,,,,,
46,ARS|s_GPConnect-Searchset-Bundle-1,Bundle.entry.link,Bundle.entry.link,Links related to this entry,A series of links that provide context to this entry.,0,*,0..*,Bundle.entry.link,0,*,,,,,,,,,,,true,,,,,,,,,,,,,,,,,,,,,,,,#Bundle.link,
47,ARS|s_GPConnect-Searchset-Bundle-1,Bundle.entry.fullUrl,Bundle.entry.fullUrl,"Absolute URL for resource (server address, or UUID/OID)",The Absolute URL for the resource.  The fullUrl SHALL not disagree with the id in the resource. The fullUrl is a version independent reference to the resource. The fullUrl element SHALL have a value except that:  * fullUrl can be empty on a POST (although it does not need to when specifying a temporary id for reference in the bundle) * Results from operations might involve resources that are not identified.,0,1,0..1,Bundle.entry.fullUrl,0,1,ele-1,error,All FHIR elements must have a @value or children,hasValue() | (children().count() > id.count()),@value|f:*|h:div,rim,n/a,"fullUrl may not be [unique in the context of a resource](bundle.html#bundle-unique). Note that since [FHIR resources do not need to be served through the FHIR API](references.html), the absolute URL may not end with the logical id of the resource (Resource.id), but if the fullUrl does look like a RESTful server URL (e.g. meets the [regex](references.html#regex), then it SHALL end with the Resource.id.",uri,ele-1,true,,,,,,,,,,,,,,,,,,,,,,,,,
48,ARS|s_GPConnect-Searchset-Bundle-1,Bundle.entry.resource,Bundle.entry.resource,A resource in the bundle,The Resources for the entry.,0,1,0..1,Bundle.entry.resource,0,1,,,,,,rim,"Entity. Role, or Act",,Resource,,true,,,,,,,,,,,,,,,,,,,,,,,,,
49,ARS|s_GPConnect-Searchset-Bundle-1,Bundle.entry.search,Bundle.entry.search,Search related information,Information about the search process that lead to the creation of this entry.,0,0,0..0,Bundle.entry.search,0,1,ele-1,error,All FHIR elements must have a @value or children,hasValue() | (children().count() > id.count()),@value|f:*|h:div,rim,n/a,,BackboneElement,"['ele-1', 'bdl-2']",true,,,,,,,,,,,,,,,,,,,,,,,,,
50,ARS|s_GPConnect-Searchset-Bundle-1,Bundle.entry.search.id,Bundle.entry.search.id,xml:id (or equivalent in JSON),unique id for the element within a resource (for internal references). This may be any string value that does not contain spaces.,0,1,0..1,Element.id,0,1,ele-1,error,All FHIR elements must have a @value or children,hasValue() | (children().count() > id.count()),@value|f:*|h:div,rim,n/a,Note that FHIR strings may not exceed 1MB in size,string,ele-1,,,,,,,,,,xmlAttr,,,,,,,,,,,,,,,,
51,ARS|s_GPConnect-Searchset-Bundle-1,Bundle.entry.search.extension,Bundle.entry.search.extension,Additional Content defined by implementations,"May be used to represent additional information that is not part of the basic definition of the element. In order to make the use of extensions safe and manageable, there is a strict set of governance  applied to the definition and use of extensions. Though any implementer is allowed to define an extension, there is a set of requirements that SHALL be met as part of the definition of the extension.",0,*,0..*,Element.extension,0,*,"['ele-1', 'ext-1']","['error', 'error']","['All FHIR elements must have a @value or children', 'Must have either extensions or value[x], not both']","['hasValue() | (children().count() > id.count())', 'extension.exists() != value.exists()']","['@value|f:*|h:div', ""exists(f:extension)!=exists(f:*[starts-with(local-name(.), 'value')])""]","['rim', 'rim']","['n/a', 'N/A']","There can be no stigma associated with the use of extensions by any application, project, or standard - regardless of the institution or jurisdiction that uses or defines the extensions.  The use of extensions is what allows the FHIR specification to retain a core level of simplicity for everyone.",Extension,ele-1,,,,,,,,,,,value,url,Extensions are always sliced by (at least) url,open,"['extensions', 'user content']",,,,,,,,,,,
52,ARS|s_GPConnect-Searchset-Bundle-1,Bundle.entry.search.modifierExtension,Bundle.entry.search.modifierExtension,Extensions that cannot be ignored,"May be used to represent additional information that is not part of the basic definition of the element, and that modifies the understanding of the element that contains it. Usually modifier elements provide negation or qualification. In order to make the use of extensions safe and manageable, there is a strict set of governance applied to the definition and use of extensions. Though any implementer is allowed to define an extension, there is a set of requirements that SHALL be met as part of the definition of the extension. Applications processing a resource are required to check for modifier extensions.",0,*,0..*,BackboneElement.modifierExtension,0,*,"['ele-1', 'ext-1']","['error', 'error']","['All FHIR elements must have a @value or children', 'Must have either extensions or value[x], not both']","['hasValue() | (children().count() > id.count())', 'extension.exists() != value.exists()']","['@value|f:*|h:div', ""exists(f:extension)!=exists(f:*[starts-with(local-name(.), 'value')])""]","['rim', 'rim']","['n/a', 'N/A']","There can be no stigma associated with the use of extensions by any application, project, or standard - regardless of the institution or jurisdiction that uses or defines the extensions.  The use of extensions is what allows the FHIR specification to retain a core level of simplicity for everyone.",Extension,ele-1,true,true,,,,,,,,,,,,,"['extensions', 'user content', 'modifiers']",,,,,,,,,,,
53,ARS|s_GPConnect-Searchset-Bundle-1,Bundle.entry.search.mode,Bundle.entry.search.mode,match | include | outcome - why this is in the result set,Why this entry is in the result set - whether it's included as a match or because of an _include requirement.,0,1,0..1,Bundle.entry.search.mode,0,1,ele-1,error,All FHIR elements must have a @value or children,hasValue() | (children().count() > id.count()),@value|f:*|h:div,rim,n/a,"There is only one mode. In some corner cases, a resource may be included because it is both a match and an include. In these circumstances, 'match' takes precedence.",code,ele-1,true,,http://hl7.org/fhir/StructureDefinition/elementdefinition-bindingName,,SearchEntryMode,,required,Why an entry is in the result set - whether it's included as a match or because of an _include requirement.,http://hl7.org/fhir/ValueSet/search-entry-mode,,,,,,,,,,,,,,,,,
54,ARS|s_GPConnect-Searchset-Bundle-1,Bundle.entry.search.score,Bundle.entry.search.score,Search ranking (between 0 and 1),"When searching, the server's search ranking score for the entry.",0,1,0..1,Bundle.entry.search.score,0,1,ele-1,error,All FHIR elements must have a @value or children,hasValue() | (children().count() > id.count()),@value|f:*|h:div,rim,n/a,"Servers are not required to return a ranking score. 1 is most relevant, and 0 is least relevant. Often, search results are sorted by score, but the client may specify a different sort order.",decimal,ele-1,true,,,,,,,,,,,,,,,,,,,,,,,,,
55,ARS|s_GPConnect-Searchset-Bundle-1,Bundle.entry.request,Bundle.entry.request,Transaction Related Information,Additional information about how this entry should be processed as part of a transaction.,0,0,0..0,Bundle.entry.request,0,1,ele-1,error,All FHIR elements must have a @value or children,hasValue() | (children().count() > id.count()),@value|f:*|h:div,rim,n/a,,BackboneElement,"['ele-1', 'bdl-3']",true,,,,,,,,,,,,,,,,,,,,,,,,,
56,ARS|s_GPConnect-Searchset-Bundle-1,Bundle.entry.request.id,Bundle.entry.request.id,xml:id (or equivalent in JSON),unique id for the element within a resource (for internal references). This may be any string value that does not contain spaces.,0,1,0..1,Element.id,0,1,ele-1,error,All FHIR elements must have a @value or children,hasValue() | (children().count() > id.count()),@value|f:*|h:div,rim,n/a,Note that FHIR strings may not exceed 1MB in size,string,ele-1,,,,,,,,,,xmlAttr,,,,,,,,,,,,,,,,
57,ARS|s_GPConnect-Searchset-Bundle-1,Bundle.entry.request.extension,Bundle.entry.request.extension,Additional Content defined by implementations,"May be used to represent additional information that is not part of the basic definition of the element. In order to make the use of extensions safe and manageable, there is a strict set of governance  applied to the definition and use of extensions. Though any implementer is allowed to define an extension, there is a set of requirements that SHALL be met as part of the definition of the extension.",0,*,0..*,Element.extension,0,*,"['ele-1', 'ext-1']","['error', 'error']","['All FHIR elements must have a @value or children', 'Must have either extensions or value[x], not both']","['hasValue() | (children().count() > id.count())', 'extension.exists() != value.exists()']","['@value|f:*|h:div', ""exists(f:extension)!=exists(f:*[starts-with(local-name(.), 'value')])""]","['rim', 'rim']","['n/a', 'N/A']","There can be no stigma associated with the use of extensions by any application, project, or standard - regardless of the institution or jurisdiction that uses or defines the extensions.  The use of extensions is what allows the FHIR specification to retain a core level of simplicity for everyone.",Extension,ele-1,,,,,,,,,,,value,url,Extensions are always sliced by (at least) url,open,"['extensions', 'user content']",,,,,,,,,,,
58,ARS|s_GPConnect-Searchset-Bundle-1,Bundle.entry.request.modifierExtension,Bundle.entry.request.modifierExtension,Extensions that cannot be ignored,"May be used to represent additional information that is not part of the basic definition of the element, and that modifies the understanding of the element that contains it. Usually modifier elements provide negation or qualification. In order to make the use of extensions safe and manageable, there is a strict set of governance applied to the definition and use of extensions. Though any implementer is allowed to define an extension, there is a set of requirements that SHALL be met as part of the definition of the extension. Applications processing a resource are required to check for modifier extensions.",0,*,0..*,BackboneElement.modifierExtension,0,*,"['ele-1', 'ext-1']","['error', 'error']","['All FHIR elements must have a @value or children', 'Must have either extensions or value[x], not both']","['hasValue() | (children().count() > id.count())', 'extension.exists() != value.exists()']","['@value|f:*|h:div', ""exists(f:extension)!=exists(f:*[starts-with(local-name(.), 'value')])""]","['rim', 'rim']","['n/a', 'N/A']","There can be no stigma associated with the use of extensions by any application, project, or standard - regardless of the institution or jurisdiction that uses or defines the extensions.  The use of extensions is what allows the FHIR specification to retain a core level of simplicity for everyone.",Extension,ele-1,true,true,,,,,,,,,,,,,"['extensions', 'user content', 'modifiers']",,,,,,,,,,,
59,ARS|s_GPConnect-Searchset-Bundle-1,Bundle.entry.request.method,Bundle.entry.request.method,GET | POST | PUT | DELETE,"The HTTP verb for this entry in either a change history, or a transaction/ transaction response.",1,1,1..1,Bundle.entry.request.method,1,1,ele-1,error,All FHIR elements must have a @value or children,hasValue() | (children().count() > id.count()),@value|f:*|h:div,rim,n/a,Note that FHIR strings may not exceed 1MB in size,code,ele-1,true,,http://hl7.org/fhir/StructureDefinition/elementdefinition-bindingName,,HTTPVerb,,required,HTTP verbs (in the HTTP command line).,http://hl7.org/fhir/ValueSet/http-verb,,,,,,,,,,,,,,,,,
60,ARS|s_GPConnect-Searchset-Bundle-1,Bundle.entry.request.url,Bundle.entry.request.url,URL for HTTP equivalent of this entry,"The URL for this entry, relative to the root (the address to which the request is posted).",1,1,1..1,Bundle.entry.request.url,1,1,ele-1,error,All FHIR elements must have a @value or children,hasValue() | (children().count() > id.count()),@value|f:*|h:div,rim,n/a,"E.g. for a Patient Create, the method would be ""POST"" and the URL would be ""Patient"". For a Patient Update, the method would be PUT, and the URL would be ""Patient/[id]"".",uri,ele-1,true,,,,,,,,,,,,,,,,,,,,,,,,,
61,ARS|s_GPConnect-Searchset-Bundle-1,Bundle.entry.request.ifNoneMatch,Bundle.entry.request.ifNoneMatch,For managing cache currency,"If the ETag values match, return a 304 Not Modified status. See the API documentation for [""Conditional Read""](http.html#cread).",0,1,0..1,Bundle.entry.request.ifNoneMatch,0,1,ele-1,error,All FHIR elements must have a @value or children,hasValue() | (children().count() > id.count()),@value|f:*|h:div,rim,n/a,Note that FHIR strings may not exceed 1MB in size,string,ele-1,true,,,,,,,,,,,,,,,,,,,,,,,,,
62,ARS|s_GPConnect-Searchset-Bundle-1,Bundle.entry.request.ifModifiedSince,Bundle.entry.request.ifModifiedSince,For managing update contention,"Only perform the operation if the last updated date matches. See the API documentation for [""Conditional Read""](http.html#cread).",0,1,0..1,Bundle.entry.request.ifModifiedSince,0,1,ele-1,error,All FHIR elements must have a @value or children,hasValue() | (children().count() > id.count()),@value|f:*|h:div,rim,n/a,"Note: This is intended for precisely observed times, typically system logs etc., and not human-reported times - for them, see date and dateTime below. Time zone is always required",instant,ele-1,true,,,,,,,,,,,,,,,,,,,,,,,,,
63,ARS|s_GPConnect-Searchset-Bundle-1,Bundle.entry.request.ifMatch,Bundle.entry.request.ifMatch,For managing update contention,"Only perform the operation if the Etag value matches. For more information, see the API section [""Managing Resource Contention""](http.html#concurrency).",0,1,0..1,Bundle.entry.request.ifMatch,0,1,ele-1,error,All FHIR elements must have a @value or children,hasValue() | (children().count() > id.count()),@value|f:*|h:div,rim,n/a,Note that FHIR strings may not exceed 1MB in size,string,ele-1,true,,,,,,,,,,,,,,,,,,,,,,,,,
64,ARS|s_GPConnect-Searchset-Bundle-1,Bundle.entry.request.ifNoneExist,Bundle.entry.request.ifNoneExist,For conditional creates,"Instruct the server not to perform the create if a specified resource already exists. For further information, see the API documentation for [""Conditional Create""](http.html#ccreate). This is just the query portion of the URL - what follows the ""?"" (not including the ""?"").",0,1,0..1,Bundle.entry.request.ifNoneExist,0,1,ele-1,error,All FHIR elements must have a @value or children,hasValue() | (children().count() > id.count()),@value|f:*|h:div,rim,n/a,Note that FHIR strings may not exceed 1MB in size,string,ele-1,true,,,,,,,,,,,,,,,,,,,,,,,,,
65,ARS|s_GPConnect-Searchset-Bundle-1,Bundle.entry.response,Bundle.entry.response,Transaction Related Information,Additional information about how this entry should be processed as part of a transaction.,0,0,0..0,Bundle.entry.response,0,1,ele-1,error,All FHIR elements must have a @value or children,hasValue() | (children().count() > id.count()),@value|f:*|h:div,rim,n/a,,BackboneElement,"['ele-1', 'bdl-4']",true,,,,,,,,,,,,,,,,,,,,,,,,,
66,ARS|s_GPConnect-Searchset-Bundle-1,Bundle.entry.response.id,Bundle.entry.response.id,xml:id (or equivalent in JSON),unique id for the element within a resource (for internal references). This may be any string value that does not contain spaces.,0,1,0..1,Element.id,0,1,ele-1,error,All FHIR elements must have a @value or children,hasValue() | (children().count() > id.count()),@value|f:*|h:div,rim,n/a,Note that FHIR strings may not exceed 1MB in size,string,ele-1,,,,,,,,,,xmlAttr,,,,,,,,,,,,,,,,
67,ARS|s_GPConnect-Searchset-Bundle-1,Bundle.entry.response.extension,Bundle.entry.response.extension,Additional Content defined by implementations,"May be used to represent additional information that is not part of the basic definition of the element. In order to make the use of extensions safe and manageable, there is a strict set of governance  applied to the definition and use of extensions. Though any implementer is allowed to define an extension, there is a set of requirements that SHALL be met as part of the definition of the extension.",0,*,0..*,Element.extension,0,*,"['ele-1', 'ext-1']","['error', 'error']","['All FHIR elements must have a @value or children', 'Must have either extensions or value[x], not both']","['hasValue() | (children().count() > id.count())', 'extension.exists() != value.exists()']","['@value|f:*|h:div', ""exists(f:extension)!=exists(f:*[starts-with(local-name(.), 'value')])""]","['rim', 'rim']","['n/a', 'N/A']","There can be no stigma associated with the use of extensions by any application, project, or standard - regardless of the institution or jurisdiction that uses or defines the extensions.  The use of extensions is what allows the FHIR specification to retain a core level of simplicity for everyone.",Extension,ele-1,,,,,,,,,,,value,url,Extensions are always sliced by (at least) url,open,"['extensions', 'user content']",,,,,,,,,,,
68,ARS|s_GPConnect-Searchset-Bundle-1,Bundle.entry.response.modifierExtension,Bundle.entry.response.modifierExtension,Extensions that cannot be ignored,"May be used to represent additional information that is not part of the basic definition of the element, and that modifies the understanding of the element that contains it. Usually modifier elements provide negation or qualification. In order to make the use of extensions safe and manageable, there is a strict set of governance applied to the definition and use of extensions. Though any implementer is allowed to define an extension, there is a set of requirements that SHALL be met as part of the definition of the extension. Applications processing a resource are required to check for modifier extensions.",0,*,0..*,BackboneElement.modifierExtension,0,*,"['ele-1', 'ext-1']","['error', 'error']","['All FHIR elements must have a @value or children', 'Must have either extensions or value[x], not both']","['hasValue() | (children().count() > id.count())', 'extension.exists() != value.exists()']","['@value|f:*|h:div', ""exists(f:extension)!=exists(f:*[starts-with(local-name(.), 'value')])""]","['rim', 'rim']","['n/a', 'N/A']","There can be no stigma associated with the use of extensions by any application, project, or standard - regardless of the institution or jurisdiction that uses or defines the extensions.  The use of extensions is what allows the FHIR specification to retain a core level of simplicity for everyone.",Extension,ele-1,true,true,,,,,,,,,,,,,"['extensions', 'user content', 'modifiers']",,,,,,,,,,,
69,ARS|s_GPConnect-Searchset-Bundle-1,Bundle.entry.response.status,Bundle.entry.response.status,Status response code (text optional),The status code returned by processing this entry. The status SHALL start with a 3 digit HTTP code (e.g. 404) and may contain the standard HTTP description associated with the status code.,1,1,1..1,Bundle.entry.response.status,1,1,ele-1,error,All FHIR elements must have a @value or children,hasValue() | (children().count() > id.count()),@value|f:*|h:div,rim,n/a,Note that FHIR strings may not exceed 1MB in size,string,ele-1,true,,,,,,,,,,,,,,,,,,,,,,,,,
70,ARS|s_GPConnect-Searchset-Bundle-1,Bundle.entry.response.location,Bundle.entry.response.location,"The location, if the operation returns a location",The location header created by processing this operation.,0,1,0..1,Bundle.entry.response.location,0,1,ele-1,error,All FHIR elements must have a @value or children,hasValue() | (children().count() > id.count()),@value|f:*|h:div,rim,n/a,see http://en.wikipedia.org/wiki/Uniform_resource_identifier,uri,ele-1,true,,,,,,,,,,,,,,,,,,,,,,,,,
71,ARS|s_GPConnect-Searchset-Bundle-1,Bundle.entry.response.etag,Bundle.entry.response.etag,The etag for the resource (if relevant),"The etag for the resource, it the operation for the entry produced a versioned resource (see [Resource Metadata and Versioning](http.html#versioning) and [Managing Resource Contention](http.html#concurrency)).",0,1,0..1,Bundle.entry.response.etag,0,1,ele-1,error,All FHIR elements must have a @value or children,hasValue() | (children().count() > id.count()),@value|f:*|h:div,rim,n/a,Etags match the Resource.meta.versionId. The ETag has to match the version id in the header if a resource is included.,string,ele-1,true,,,,,,,,,,,,,,,,,,,,,,,,,
72,ARS|s_GPConnect-Searchset-Bundle-1,Bundle.entry.response.lastModified,Bundle.entry.response.lastModified,Server's date time modified,The date/time that the resource was modified on the server.,0,1,0..1,Bundle.entry.response.lastModified,0,1,ele-1,error,All FHIR elements must have a @value or children,hasValue() | (children().count() > id.count()),@value|f:*|h:div,rim,n/a,This has to match the same time in the meta header if a resource is included.,instant,ele-1,true,,,,,,,,,,,,,,,,,,,,,,,,,
73,ARS|s_GPConnect-Searchset-Bundle-1,Bundle.entry.response.outcome,Bundle.entry.response.outcome,OperationOutcome with hints and warnings (for batch/transaction),An OperationOutcome containing hints and warnings produced as part of processing this entry in a batch or transaction.,0,1,0..1,Bundle.entry.response.outcome,0,1,,,,,,rim,"Entity. Role, or Act","For a POST/PUT operation, this is the equivalent outcome that would be returned for prefer = operationoutcome - except that the resource is always returned whether or not the outcome is returned.",Resource,,true,,,,,,,,,,,,,,,,,,,,,,,,,
74,ARS|s_GPConnect-Searchset-Bundle-1,Bundle.signature,Bundle.signature,Digital Signature,Digital Signature - base64 encoded. XML-DSIg or a JWT.,0,0,0..0,Bundle.signature,0,1,ele-1,error,All FHIR elements must have a @value or children,hasValue() | (children().count() > id.count()),@value|f:*|h:div,"['rim', 'rim']","['n/a', 'N/A']","The signature could be created by the ""author"" of the bundle or by the originating device.   Requirements around inclusion of a signature, verification of signatures and treatment of signed/non-signed bundles is implementation-environment specific.",Signature,ele-1,true,,,,,,,,,,,,,,,"This element allows capturing signatures on documents. It also allows signatures on messages, transactions or even query responses. It may support content-authentication, non-repudiation or other business cases. This is primarily relevant where the bundle may travel through multiple hops or via other mechanisms where HTTPS non-repudiation is insufficient.",,,,,,,,,,
75,ARS|s_GPConnect-Searchset-Bundle-1,Bundle.signature.id,Bundle.signature.id,xml:id (or equivalent in JSON),unique id for the element within a resource (for internal references). This may be any string value that does not contain spaces.,0,1,0..1,Element.id,0,1,ele-1,error,All FHIR elements must have a @value or children,hasValue() | (children().count() > id.count()),@value|f:*|h:div,rim,n/a,Note that FHIR strings may not exceed 1MB in size,string,ele-1,,,,,,,,,,xmlAttr,,,,,,,,,,,,,,,,
76,ARS|s_GPConnect-Searchset-Bundle-1,Bundle.signature.extension,Bundle.signature.extension,Additional Content defined by implementations,"May be used to represent additional information that is not part of the basic definition of the element. In order to make the use of extensions safe and manageable, there is a strict set of governance  applied to the definition and use of extensions. Though any implementer is allowed to define an extension, there is a set of requirements that SHALL be met as part of the definition of the extension.",0,*,0..*,Element.extension,0,*,"['ele-1', 'ext-1']","['error', 'error']","['All FHIR elements must have a @value or children', 'Must have either extensions or value[x], not both']","['hasValue() | (children().count() > id.count())', 'extension.exists() != value.exists()']","['@value|f:*|h:div', ""exists(f:extension)!=exists(f:*[starts-with(local-name(.), 'value')])""]","['rim', 'rim']","['n/a', 'N/A']","There can be no stigma associated with the use of extensions by any application, project, or standard - regardless of the institution or jurisdiction that uses or defines the extensions.  The use of extensions is what allows the FHIR specification to retain a core level of simplicity for everyone.",Extension,ele-1,,,,,,,,,,,value,url,Extensions are always sliced by (at least) url,open,"['extensions', 'user content']",,,,,,,,,,,
77,ARS|s_GPConnect-Searchset-Bundle-1,Bundle.signature.type,Bundle.signature.type,Indication of the reason the entity signed the object(s),An indication of the reason that the entity signed this document. This may be explicitly included as part of the signature information and can be used when determining accountability for various actions concerning the document.,1,*,1..*,Signature.type,1,*,ele-1,error,All FHIR elements must have a @value or children,hasValue() | (children().count() > id.count()),@value|f:*|h:div,"['rim', 'v2', 'rim', 'orim']","['n/a', 'CE/CNE/CWE subset one of the sets of component 1-3 or 4-6', 'CV', 'fhir:Coding rdfs:subClassOf dt:CDCoding']","Examples include attesting to: authorship, correct transcription, and witness of specific event. Also known as a &quot;Commitment Type Indication&quot;.",Coding,ele-1,true,,http://hl7.org/fhir/StructureDefinition/elementdefinition-bindingName,,SignatureType,,preferred,An indication of the reason that an entity signed the object,http://hl7.org/fhir/ValueSet/signature-type,,,,,,,,,,,,,,,,,
78,ARS|s_GPConnect-Searchset-Bundle-1,Bundle.signature.type.id,Bundle.signature.type.id,xml:id (or equivalent in JSON),unique id for the element within a resource (for internal references). This may be any string value that does not contain spaces.,0,1,0..1,Element.id,0,1,ele-1,error,All FHIR elements must have a @value or children,hasValue() | (children().count() > id.count()),@value|f:*|h:div,rim,n/a,Note that FHIR strings may not exceed 1MB in size,string,ele-1,,,,,,,,,,xmlAttr,,,,,,,,,,,,,,,,
79,ARS|s_GPConnect-Searchset-Bundle-1,Bundle.signature.type.extension,Bundle.signature.type.extension,Additional Content defined by implementations,"May be used to represent additional information that is not part of the basic definition of the element. In order to make the use of extensions safe and manageable, there is a strict set of governance  applied to the definition and use of extensions. Though any implementer is allowed to define an extension, there is a set of requirements that SHALL be met as part of the definition of the extension.",0,*,0..*,Element.extension,0,*,"['ele-1', 'ext-1']","['error', 'error']","['All FHIR elements must have a @value or children', 'Must have either extensions or value[x], not both']","['hasValue() | (children().count() > id.count())', 'extension.exists() != value.exists()']","['@value|f:*|h:div', ""exists(f:extension)!=exists(f:*[starts-with(local-name(.), 'value')])""]","['rim', 'rim']","['n/a', 'N/A']","There can be no stigma associated with the use of extensions by any application, project, or standard - regardless of the institution or jurisdiction that uses or defines the extensions.  The use of extensions is what allows the FHIR specification to retain a core level of simplicity for everyone.",Extension,ele-1,,,,,,,,,,,value,url,Extensions are always sliced by (at least) url,open,"['extensions', 'user content']",,,,,,,,,,,
80,ARS|s_GPConnect-Searchset-Bundle-1,Bundle.signature.type.system,Bundle.signature.type.system,Identity of the terminology system,The identification of the code system that defines the meaning of the symbol in the code.,0,1,0..1,Coding.system,0,1,ele-1,error,All FHIR elements must have a @value or children,hasValue() | (children().count() > id.count()),@value|f:*|h:div,"['rim', 'v2', 'rim', 'orim']","['n/a', 'C*E.3', './codeSystem', 'fhir:Coding.system rdfs:subPropertyOf dt:CDCoding.codeSystem']","The URI may be an OID (urn:oid:...) or a UUID (urn:uuid:...).  OIDs and UUIDs SHALL be references to the HL7 OID registry. Otherwise, the URI should come from HL7's list of FHIR defined special URIs or it should de-reference to some definition that establish the system clearly and unambiguously.",uri,ele-1,true,,,,,,,,,,,,,,,Need to be unambiguous about the source of the definition of the symbol.,,,,,,,,,,
81,ARS|s_GPConnect-Searchset-Bundle-1,Bundle.signature.type.version,Bundle.signature.type.version,Version of the system - if relevant,"The version of the code system which was used when choosing this code. Note that a well-maintained code system does not need the version reported, because the meaning of codes is consistent across versions. However this cannot consistently be assured. and when the meaning is not guaranteed to be consistent, the version SHOULD be exchanged.",0,1,0..1,Coding.version,0,1,ele-1,error,All FHIR elements must have a @value or children,hasValue() | (children().count() > id.count()),@value|f:*|h:div,"['rim', 'v2', 'rim', 'orim']","['n/a', 'C*E.7', './codeSystemVersion', 'fhir:Coding.version rdfs:subPropertyOf dt:CDCoding.codeSystemVersion']","Where the terminology does not clearly define what string should be used to identify code system versions, the recommendation is to use the date (expressed in FHIR date format) on which that version was officially published as the version date.",string,ele-1,true,,,,,,,,,,,,,,,,,,,,,,,,,
82,ARS|s_GPConnect-Searchset-Bundle-1,Bundle.signature.type.code,Bundle.signature.type.code,Symbol in syntax defined by the system,A symbol in syntax defined by the system. The symbol may be a predefined code or an expression in a syntax defined by the coding system (e.g. post-coordination).,0,1,0..1,Coding.code,0,1,ele-1,error,All FHIR elements must have a @value or children,hasValue() | (children().count() > id.count()),@value|f:*|h:div,"['rim', 'v2', 'rim', 'orim']","['n/a', 'C*E.1', './code', 'fhir:Coding.code rdfs:subPropertyOf dt:CDCoding.code']",Note that FHIR strings may not exceed 1MB in size,code,ele-1,true,,,,,,,,,,,,,,,Need to refer to a particular code in the system.,,,,,,,,,,
83,ARS|s_GPConnect-Searchset-Bundle-1,Bundle.signature.type.display,Bundle.signature.type.display,Representation defined by the system,"A representation of the meaning of the code in the system, following the rules of the system.",0,1,0..1,Coding.display,0,1,ele-1,error,All FHIR elements must have a @value or children,hasValue() | (children().count() > id.count()),@value|f:*|h:div,"['rim', 'v2', 'rim', 'orim']","['n/a', 'C*E.2 - but note this is not well followed', 'CV.displayName', 'fhir:Coding.display rdfs:subPropertyOf dt:CDCoding.displayName']",Note that FHIR strings may not exceed 1MB in size,string,ele-1,true,,,,,,,,,,,,,,,Need to be able to carry a human-readable meaning of the code for readers that do not know  the system.,http://hl7.org/fhir/StructureDefinition/elementdefinition-translatable,true,,,,,,,,
84,ARS|s_GPConnect-Searchset-Bundle-1,Bundle.signature.type.userSelected,Bundle.signature.type.userSelected,If this coding was chosen directly by the user,Indicates that this coding was chosen by a user directly - i.e. off a pick list of available items (codes or displays).,0,1,0..1,Coding.userSelected,0,1,ele-1,error,All FHIR elements must have a @value or children,hasValue() | (children().count() > id.count()),@value|f:*|h:div,"['rim', 'v2', 'rim', 'orim']","['n/a', 'Sometimes implied by being first', 'CD.codingRationale', 'fhir:Coding.userSelected fhir:mapsTo dt:CDCoding.codingRationale. fhir:Coding.userSelected fhir:hasMap fhir:Coding.userSelected.map. fhir:Coding.userSelected.map a fhir:Map;   fhir:target dt:CDCoding.codingRationale. fhir:Coding.userSelected\\#true a [     fhir:source ""true"";     fhir:target dt:CDCoding.codingRationale\\#O   ]']","Amongst a set of alternatives, a directly chosen code is the most appropriate starting point for new translations. There is some ambiguity about what exactly 'directly chosen' implies, and trading partner agreement may be needed to clarify the use of this element and its consequences more completely.",boolean,ele-1,true,,,,,,,,,,,,,,,"This has been identified as a clinical safety criterium - that this exact system/code pair was chosen explicitly, rather than inferred by the system based on some rules or language processing.",,,,,,,,,,
85,ARS|s_GPConnect-Searchset-Bundle-1,Bundle.signature.when,Bundle.signature.when,When the signature was created,When the digital signature was signed.,1,1,1..1,Signature.when,1,1,ele-1,error,All FHIR elements must have a @value or children,hasValue() | (children().count() > id.count()),@value|f:*|h:div,rim,n/a,This should agree with the information in the signature.,instant,ele-1,true,,,,,,,,,,,,,,,,,,,,,,,,,
86,ARS|s_GPConnect-Searchset-Bundle-1,Bundle.signature.who[x],Bundle.signature.who[x],Who signed,A reference to an application-usable description of the identity that signed  (e.g. the signature used their private key).,1,1,1..1,Signature.who[x],1,1,ele-1,error,All FHIR elements must have a @value or children,hasValue() | (children().count() > id.count()),@value|f:*|h:div,rim,n/a,This should agree with the information in the signature.,"['uri', 'Reference', 'Reference', 'Reference', 'Reference', 'Reference']",ele-1,true,,,,,,,,,,,,,,,,,,,,,,"['http://hl7.org/fhir/StructureDefinition/Practitioner', 'http://hl7.org/fhir/StructureDefinition/RelatedPerson', 'http://hl7.org/fhir/StructureDefinition/Patient', 'http://hl7.org/fhir/StructureDefinition/Device', 'http://hl7.org/fhir/StructureDefinition/Organization']",,,
87,ARS|s_GPConnect-Searchset-Bundle-1,Bundle.signature.onBehalfOf[x],Bundle.signature.onBehalfOf[x],The party represented,A reference to an application-usable description of the identity that is represented by the signature.,0,1,0..1,Signature.onBehalfOf[x],0,1,ele-1,error,All FHIR elements must have a @value or children,hasValue() | (children().count() > id.count()),@value|f:*|h:div,rim,n/a,The party that can't sign. For example a child.,"['uri', 'Reference', 'Reference', 'Reference', 'Reference', 'Reference']",ele-1,true,,,,,,,,,,,,,,,used when the signature is on behalf of a non-signer.,,,,,,,"['http://hl7.org/fhir/StructureDefinition/Practitioner', 'http://hl7.org/fhir/StructureDefinition/RelatedPerson', 'http://hl7.org/fhir/StructureDefinition/Patient', 'http://hl7.org/fhir/StructureDefinition/Device', 'http://hl7.org/fhir/StructureDefinition/Organization']",,,
88,ARS|s_GPConnect-Searchset-Bundle-1,Bundle.signature.contentType,Bundle.signature.contentType,The technical format of the signature,"A mime type that indicates the technical format of the signature. Important mime types are application/signature+xml for X ML DigSig, application/jwt for JWT, and image/* for a graphical image of a signature, etc.",0,1,0..1,Signature.contentType,0,1,ele-1,error,All FHIR elements must have a @value or children,hasValue() | (children().count() > id.count()),@value|f:*|h:div,rim,n/a,Note that FHIR strings may not exceed 1MB in size,code,ele-1,true,,"['http://hl7.org/fhir/StructureDefinition/elementdefinition-bindingName', 'http://hl7.org/fhir/StructureDefinition/elementdefinition-isCommonBinding']",,MimeType,true,required,The mime type of an attachment. Any valid mime type is allowed.,,,,,,,,,,,,,,,,,,http://www.rfc-editor.org/bcp/bcp13.txt
89,ARS|s_GPConnect-Searchset-Bundle-1,Bundle.signature.blob,Bundle.signature.blob,"The actual signature content (XML DigSig. JWT, picture, etc.)",The base64 encoding of the Signature content. When signature is not recorded electronically this element would be empty.,0,1,0..1,Signature.blob,0,1,ele-1,error,All FHIR elements must have a @value or children,hasValue() | (children().count() > id.count()),@value|f:*|h:div,rim,n/a,"Where the signature type is an XML DigSig, the signed content is a FHIR Resource(s), the signature is of the XML form of the Resource(s) using  XML-Signature (XMLDIG) ""Detached Signature"" form.",base64Binary,ele-1,,,,,,,,,,,,,,,,,,,,,,,,,,
