,source,element_id,element_path_value,element_short_value,element_definition_value,element_min_value,element_max_value,element_cardinality,element_base_path_value,element_base_min_value,element_base_max_value,element_constraint_key_value,element_constraint_severity_value,element_constraint_human_value,element_constraint_expression_value,element_constraint_xpath_value,element_mapping_identity_value,element_mapping_map_value,element_comment_value,element_type_code_value,element_condition_value,element_isSummary_value,element_isModifier_value,element_binding_extension_url,element_binding_extension_valueReference_reference_value,element_binding_extension_valueString_value,element_binding_extension_valueBoolean_value,element_binding_strength_value,element_binding_description_value,element_binding_valueSetReference_reference_value,element_alias_value,element_slicing_discriminator_type_value,element_slicing_discriminator_path_value,element_slicing_description_value,element_slicing_rules_value,element_sliceName_value,element_type_profile_value,element_mustSupport_value,element_representation_value,element_requirements_value,element_example_label_value,element_example_valueUri_value,element_example_valueString_value,element_type_targetProfile_value,element_extension_url,element_extension_valueBoolean_value,element_example_valueCode_value,element_meaningWhenMissing_value
0,ARS|s_GPConnect-Slot-1,Slot,Slot,A slot of time on a schedule that may be available for booking appointments,A slot of time on a schedule that may be available for booking appointments.,0,*,0..*,Resource,0,*,"['dom-2', 'dom-1', 'dom-4', 'dom-3']","['error', 'error', 'error', 'error']","['If the resource is contained in another resource, it SHALL NOT contain nested Resources', 'If the resource is contained in another resource, it SHALL NOT contain any narrative', 'If a resource is contained in another resource, it SHALL NOT have a meta.versionId or a meta.lastUpdated', 'If the resource is contained in another resource, it SHALL be referred to from elsewhere in the resource']","['contained.contained.empty()', 'contained.text.empty()', 'contained.meta.versionId.empty() and contained.meta.lastUpdated.empty()', ""contained.where(('#'+id in %resource.descendants().reference).not()).empty()""]","['not(parent::f:contained and f:contained)', 'not(parent::f:contained and f:text)', 'not(exists(f:contained/*/f:meta/f:versionId)) and not(exists(f:contained/*/f:meta/f:lastUpdated))', ""not(exists(for $id in f:contained/*/@id return $id[not(ancestor::f:contained/parent::*/descendant::f:reference/@value=concat('#', $id))]))""]","['rim', 'rim', 'ical', 'w5']","['Entity. Role, or Act', 'n/a', '(refer to the Availability resource for the header mapping details)', 'workflow.scheduling']",,,,,,,,,,,,,,,,,,,,,,,,,,,,,,
1,ARS|s_GPConnect-Slot-1,Slot.id,Slot.id,Logical id of this artifact,"The logical id of the resource, as used in the URL for the resource. Once assigned, this value never changes.",0,1,0..1,Resource.id,0,1,ele-1,error,All FHIR elements must have a @value or children,hasValue() | (children().count() > id.count()),@value|f:*|h:div,rim,n/a,The only time that a resource does not have an id is when it is being submitted to the server using a create operation.,id,ele-1,true,,,,,,,,,,,,,,,,,,,,,,,,,,
2,ARS|s_GPConnect-Slot-1,Slot.meta,Slot.meta,Metadata about the resource,The metadata about the resource. This is content that is maintained by the infrastructure. Changes to the content may not always be associated with version changes to the resource.,0,1,0..1,Resource.meta,0,1,ele-1,error,All FHIR elements must have a @value or children,hasValue() | (children().count() > id.count()),@value|f:*|h:div,"['rim', 'rim']","['n/a', 'N/A']",,Meta,ele-1,true,,,,,,,,,,,,,,,,,,,,,,,,,,
3,ARS|s_GPConnect-Slot-1,Slot.implicitRules,Slot.implicitRules,A set of rules under which this content was created,"A reference to a set of rules that were followed when the resource was constructed, and which must be understood when processing the content.",0,1,0..1,Resource.implicitRules,0,1,ele-1,error,All FHIR elements must have a @value or children,hasValue() | (children().count() > id.count()),@value|f:*|h:div,rim,n/a,"Asserting this rule set restricts the content to be only understood by a limited set of trading partners. This inherently limits the usefulness of the data in the long term. However, the existing health eco-system is highly fractured, and not yet ready to define, collect, and exchange data in a generally computable sense. Wherever possible, implementers and/or specification writers should avoid using this element.   This element is labelled as a modifier because the implicit rules may provide additional knowledge about the resource that modifies it's meaning or interpretation.",uri,ele-1,true,true,,,,,,,,,,,,,,,,,,,,,,,,,
4,ARS|s_GPConnect-Slot-1,Slot.language,Slot.language,Language of the resource content,The base language in which the resource is written.,0,1,0..1,Resource.language,0,1,ele-1,error,All FHIR elements must have a @value or children,hasValue() | (children().count() > id.count()),@value|f:*|h:div,rim,n/a,"Language is provided to support indexing and accessibility (typically, services such as text to speech use the language tag). The html language tag in the narrative applies  to the narrative. The language tag on the resource may be used to specify the language of other presentations generated from the data in the resource  Not all the content has to be in the base language. The Resource.language should not be assumed to apply to the narrative automatically. If a language is specified, it should it also be specified on the div element in the html (see rules in HTML5 for information about the relationship between xml:lang and the html lang attribute).",code,ele-1,,,"['http://hl7.org/fhir/StructureDefinition/elementdefinition-maxValueSet', 'http://hl7.org/fhir/StructureDefinition/elementdefinition-bindingName', 'http://hl7.org/fhir/StructureDefinition/elementdefinition-isCommonBinding']",http://hl7.org/fhir/ValueSet/all-languages,Language,true,extensible,A human language.,http://hl7.org/fhir/ValueSet/languages,,,,,,,,,,,,,,,,,,
5,ARS|s_GPConnect-Slot-1,Slot.text,Slot.text,"Text summary of the resource, for human interpretation","A human-readable narrative that contains a summary of the resource, and may be used to represent the content of the resource to a human. The narrative need not encode all the structured data, but is required to contain sufficient detail to make it ""clinically safe"" for a human to just read the narrative. Resource definitions may define what content should be represented in the narrative to ensure clinical safety.",0,1,0..1,DomainResource.text,0,1,ele-1,error,All FHIR elements must have a @value or children,hasValue() | (children().count() > id.count()),@value|f:*|h:div,"['rim', 'rim', 'rim']","['n/a', 'N/A', 'Act.text?']","Contained resources do not have narrative. Resources that are not contained SHOULD have a narrative. In some cases, a resource may only have text with little or no additional discrete data (as long as all minOccurs=1 elements are satisfied).  This may be necessary for data from legacy systems where information is captured as a ""text blob"" or where text is additionally entered raw or narrated and encoded in formation is added later.",Narrative,"['ele-1', 'dom-1']",,,,,,,,,,"['narrative', 'html', 'xhtml', 'display']",,,,,,,,,,,,,,,,,
6,ARS|s_GPConnect-Slot-1,Slot.contained,Slot.contained,"Contained, inline Resources","These resources do not have an independent existence apart from the resource that contains them - they cannot be identified independently, and nor can they have their own independent transaction scope.",0,*,0..*,DomainResource.contained,0,*,,,,,,"['rim', 'rim']","['Entity. Role, or Act', 'N/A']","This should never be done when the content can be identified properly, as once identification is lost, it is extremely difficult (and context dependent) to restore it again.",Resource,,,,,,,,,,,"['inline resources', 'anonymous resources', 'contained resources']",,,,,,,,,,,,,,,,,
7,ARS|s_GPConnect-Slot-1,Slot.extension,Slot.extension,Additional Content defined by implementations,"May be used to represent additional information that is not part of the basic definition of the resource. In order to make the use of extensions safe and manageable, there is a strict set of governance  applied to the definition and use of extensions. Though any implementer is allowed to define an extension, there is a set of requirements that SHALL be met as part of the definition of the extension.",0,*,0..*,DomainResource.extension,0,*,"['ele-1', 'ext-1']","['error', 'error']","['All FHIR elements must have a @value or children', 'Must have either extensions or value[x], not both']","['hasValue() | (children().count() > id.count())', 'extension.exists() != value.exists()']","['@value|f:*|h:div', ""exists(f:extension)!=exists(f:*[starts-with(local-name(.), 'value')])""]","['rim', 'rim']","['n/a', 'N/A']","There can be no stigma associated with the use of extensions by any application, project, or standard - regardless of the institution or jurisdiction that uses or defines the extensions.  The use of extensions is what allows the FHIR specification to retain a core level of simplicity for everyone.",Extension,ele-1,,,,,,,,,,"['extensions', 'user content']",value,url,Extensions are always sliced by (at least) url,open,,,,,,,,,,,,,
8,ARS|s_GPConnect-Slot-1,Slot.extension:deliveryChannel,Slot.extension,An extension to record the delivery channel of a scheduled Appointment,An extension to record the delivery channel of a scheduled Appointment.,0,1,0..1,DomainResource.extension,0,*,"['ele-1', 'ext-1']","['error', 'error']","['All FHIR elements must have a @value or children', 'Must have either extensions or value[x], not both']","['hasValue() | (children().count() > id.count())', 'extension.exists() != value.exists()']","['@value|f:*|h:div', ""exists(f:extension)!=exists(f:*[starts-with(local-name(.), 'value')])""]","['rim', 'rim']","['n/a', 'N/A']","There can be no stigma associated with the use of extensions by any application, project, or standard - regardless of the institution or jurisdiction that uses or defines the extensions.  The use of extensions is what allows the FHIR specification to retain a core level of simplicity for everyone.",Extension,ele-1,,,,,,,,,,"['extensions', 'user content']",,,,,deliveryChannel,https://fhir.nhs.uk/STU3/StructureDefinition/Extension-GPConnect-DeliveryChannel-2,true,,,,,,,,,,
9,ARS|s_GPConnect-Slot-1,Slot.modifierExtension,Slot.modifierExtension,Extensions that cannot be ignored,"May be used to represent additional information that is not part of the basic definition of the resource, and that modifies the understanding of the element that contains it. Usually modifier elements provide negation or qualification. In order to make the use of extensions safe and manageable, there is a strict set of governance applied to the definition and use of extensions. Though any implementer is allowed to define an extension, there is a set of requirements that SHALL be met as part of the definition of the extension. Applications processing a resource are required to check for modifier extensions.",0,*,0..*,DomainResource.modifierExtension,0,*,"['ele-1', 'ext-1']","['error', 'error']","['All FHIR elements must have a @value or children', 'Must have either extensions or value[x], not both']","['hasValue() | (children().count() > id.count())', 'extension.exists() != value.exists()']","['@value|f:*|h:div', ""exists(f:extension)!=exists(f:*[starts-with(local-name(.), 'value')])""]","['rim', 'rim']","['n/a', 'N/A']","There can be no stigma associated with the use of extensions by any application, project, or standard - regardless of the institution or jurisdiction that uses or defines the extensions.  The use of extensions is what allows the FHIR specification to retain a core level of simplicity for everyone.",Extension,ele-1,,true,,,,,,,,"['extensions', 'user content']",value,url,Extensions are always sliced by (at least) url,open,,,,,,,,,,,,,
10,ARS|s_GPConnect-Slot-1,Slot.identifier,Slot.identifier,External Ids for this item,External Ids for this item.,0,*,0..*,Slot.identifier,0,*,ele-1,error,All FHIR elements must have a @value or children,hasValue() | (children().count() > id.count()),@value|f:*|h:div,"['rim', 'v2', 'rim', 'servd', 'w5']","['n/a', 'CX / EI (occasionally, more often EI maps to a resource id or a URL)', 'II - see see identifier pattern at http://wiki.hl7.org/index.php?title=Common_Design_Patterns#Identifier_Pattern for relevant discussion. The Identifier class is a little looser than the v3 type II because it allows URIs as well as registered OIDs or GUIDs.  Also maps to Role[classCode=IDENT]', 'Identifier', 'id']",,Identifier,ele-1,true,,,,,,,,,,,,,,,,,,,,,,,,,,
11,ARS|s_GPConnect-Slot-1,Slot.identifier.id,Slot.identifier.id,xml:id (or equivalent in JSON),unique id for the element within a resource (for internal references). This may be any string value that does not contain spaces.,0,1,0..1,Element.id,0,1,ele-1,error,All FHIR elements must have a @value or children,hasValue() | (children().count() > id.count()),@value|f:*|h:div,rim,n/a,Note that FHIR strings may not exceed 1MB in size,string,ele-1,,,,,,,,,,,,,,,,,,xmlAttr,,,,,,,,,
12,ARS|s_GPConnect-Slot-1,Slot.identifier.extension,Slot.identifier.extension,Additional Content defined by implementations,"May be used to represent additional information that is not part of the basic definition of the element. In order to make the use of extensions safe and manageable, there is a strict set of governance  applied to the definition and use of extensions. Though any implementer is allowed to define an extension, there is a set of requirements that SHALL be met as part of the definition of the extension.",0,*,0..*,Element.extension,0,*,"['ele-1', 'ext-1']","['error', 'error']","['All FHIR elements must have a @value or children', 'Must have either extensions or value[x], not both']","['hasValue() | (children().count() > id.count())', 'extension.exists() != value.exists()']","['@value|f:*|h:div', ""exists(f:extension)!=exists(f:*[starts-with(local-name(.), 'value')])""]","['rim', 'rim']","['n/a', 'N/A']","There can be no stigma associated with the use of extensions by any application, project, or standard - regardless of the institution or jurisdiction that uses or defines the extensions.  The use of extensions is what allows the FHIR specification to retain a core level of simplicity for everyone.",Extension,ele-1,,,,,,,,,,"['extensions', 'user content']",value,url,Extensions are always sliced by (at least) url,open,,,,,,,,,,,,,
13,ARS|s_GPConnect-Slot-1,Slot.identifier.use,Slot.identifier.use,usual | official | temp | secondary (If known),The purpose of this identifier.,0,0,0..0,Identifier.use,0,1,ele-1,error,All FHIR elements must have a @value or children,hasValue() | (children().count() > id.count()),@value|f:*|h:div,"['rim', 'v2', 'rim']","['n/a', 'N/A', 'Role.code or implied by context']","This is labeled as ""Is Modifier"" because applications should not mistake a temporary id for a permanent one. Applications can assume that an identifier is permanent unless it explicitly says that it is temporary.",code,ele-1,true,true,http://hl7.org/fhir/StructureDefinition/elementdefinition-bindingName,,IdentifierUse,,required,"Identifies the purpose for this identifier, if known .",http://hl7.org/fhir/ValueSet/identifier-use,,,,,,,,,,Allows the appropriate identifier for a particular context of use to be selected from among a set of identifiers.,,,,,,,,
14,ARS|s_GPConnect-Slot-1,Slot.identifier.type,Slot.identifier.type,Description of identifier,A coded type for the identifier that can be used to determine which identifier to use for a specific purpose.,0,0,0..0,Identifier.type,0,1,ele-1,error,All FHIR elements must have a @value or children,hasValue() | (children().count() > id.count()),@value|f:*|h:div,"['rim', 'v2', 'rim', 'orim', 'v2', 'rim']","['n/a', 'CE/CNE/CWE', 'CD', 'fhir:CodeableConcept rdfs:subClassOf dt:CD', 'CX.5', 'Role.code or implied by context']","This element deals only with general categories of identifiers.  It SHOULD not be used for codes that correspond 1..1 with the Identifier.system. Some identifiers may fall into multiple categories due to common usage.   Where the system is known, a type is unnecessary because the type is always part of the system definition. However systems often need to handle identifiers where the system is not known. There is not a 1:1 relationship between type and system, since many different systems have the same type.",CodeableConcept,ele-1,true,,"['http://hl7.org/fhir/StructureDefinition/elementdefinition-bindingName', 'http://hl7.org/fhir/StructureDefinition/elementdefinition-isCommonBinding']",,IdentifierType,true,extensible,A coded type for an identifier that can be used to determine which identifier to use for a specific purpose.,http://hl7.org/fhir/ValueSet/identifier-type,,,,,,,,,,Allows users to make use of identifiers when the identifier system is not known.,,,,,,,,
15,ARS|s_GPConnect-Slot-1,Slot.identifier.system,Slot.identifier.system,The namespace for the identifier value,"Establishes the namespace for the value - that is, a URL that describes a set values that are unique.",1,1,1..1,Identifier.system,0,1,ele-1,error,All FHIR elements must have a @value or children,hasValue() | (children().count() > id.count()),@value|f:*|h:div,"['rim', 'v2', 'rim', 'servd']","['n/a', 'CX.4 / EI-2-4', 'II.root or Role.id.root', './IdentifierType']",see http://en.wikipedia.org/wiki/Uniform_resource_identifier,uri,ele-1,true,,,,,,,,,,,,,,,,,,"There are many sets  of identifiers.  To perform matching of two identifiers, we need to know what set we're dealing with. The system identifies a particular set of unique identifiers.",General,http://www.acme.com/identifiers/patient or urn:ietf:rfc:3986 if the Identifier.value itself is a full uri,,,,,,
16,ARS|s_GPConnect-Slot-1,Slot.identifier.value,Slot.identifier.value,The value that is unique,The portion of the identifier typically relevant to the user and which is unique within the context of the system.,1,1,1..1,Identifier.value,0,1,ele-1,error,All FHIR elements must have a @value or children,hasValue() | (children().count() > id.count()),@value|f:*|h:div,"['rim', 'v2', 'rim', 'servd']","['n/a', 'CX.1 / EI.1', 'II.extension or II.root if system indicates OID or GUID (Or Role.id.extension or root)', './Value']","If the value is a full URI, then the system SHALL be urn:ietf:rfc:3986.  The value's primary purpose is computational mapping.  As a result, it may be normalized for comparison purposes (e.g. removing non-significant whitespace, dashes, etc.)  A value formatted for human display can be conveyed using the [Rendered Value extension](extension-rendered-value.html).",string,ele-1,true,,,,,,,,,,,,,,,,,,,General,,123456,,,,,
17,ARS|s_GPConnect-Slot-1,Slot.identifier.period,Slot.identifier.period,Time period when id is/was valid for use,Time period during which identifier is/was valid for use.,0,0,0..0,Identifier.period,0,1,"['ele-1', 'per-1']","['error', 'error']","['All FHIR elements must have a @value or children', 'If present, start SHALL have a lower value than end']","['hasValue() | (children().count() > id.count())', 'start.empty() or end.empty() or (start <= end)']","['@value|f:*|h:div', 'not(exists(f:start)) or not(exists(f:end)) or (f:start/@value <= f:end/@value)']","['rim', 'v2', 'rim', 'v2', 'rim', 'servd']","['n/a', 'DR', 'IVL<TS>[lowClosed=""true"" and highClosed=""true""] or URG<TS>[lowClosed=""true"" and highClosed=""true""]', 'CX.7 + CX.8', 'Role.effectiveTime or implied by context', './StartDate and ./EndDate']","This is not a duration - that's a measure of time (a separate type), but a duration that occurs at a fixed value of time. A Period specifies a range of time; the context of use will specify whether the entire range applies (e.g. ""the patient was an inpatient of the hospital for this time range"") or one value from the range applies (e.g. ""give to the patient between these two times""). If duration is required, specify the type as Interval|Duration.",Period,ele-1,true,,,,,,,,,,,,,,,,,,,,,,,,,,
18,ARS|s_GPConnect-Slot-1,Slot.identifier.assigner,Slot.identifier.assigner,Organization that issued id (may be just text),Organization that issued/manages the identifier.,0,0,0..0,Identifier.assigner,0,1,"['ele-1', 'ref-1']","['error', 'error']","['All FHIR elements must have a @value or children', 'SHALL have a contained resource if a local reference is provided']","['hasValue() | (children().count() > id.count())', ""reference.startsWith('#').not() or (reference.substring(1).trace('url') in %resource.contained.id.trace('ids'))""]","['@value|f:*|h:div', ""not(starts-with(f:reference/@value, '#')) or exists(ancestor::*[self::f:entry or self::f:parameter]/f:resource/f:*/f:contained/f:*[f:id/@value=substring-after(current()/f:reference/@value, '#')]|/*/f:contained/f:*[f:id/@value=substring-after(current()/f:reference/@value, '#')])""]","['rim', 'rim', 'v2', 'rim', 'servd']","['n/a', 'The target of a resource reference is a RIM entry point (Act, Role, or Entity)', 'CX.4 / (CX.4,CX.9,CX.10)', 'II.assigningAuthorityName but note that this is an improper use by the definition of the field.  Also Role.scoper', './IdentifierIssuingAuthority']",The Identifier.assigner may omit the .reference element and only contain a .display element reflecting the name or other textual information about the assigning organization.,Reference,ele-1,true,,,,,,,,,,,,,,,,,,,,,,http://hl7.org/fhir/StructureDefinition/Organization,,,,
19,ARS|s_GPConnect-Slot-1,Slot.serviceCategory,Slot.serviceCategory,A broad categorisation of the service that is to be performed during this appointment,A broad categorisation of the service that is to be performed during this appointment.,0,0,0..0,Slot.serviceCategory,0,1,ele-1,error,All FHIR elements must have a @value or children,hasValue() | (children().count() > id.count()),@value|f:*|h:div,"['rim', 'v2', 'rim', 'orim', 'w5']","['n/a', 'CE/CNE/CWE', 'CD', 'fhir:CodeableConcept rdfs:subClassOf dt:CD', 'class']","Not all terminology uses fit this general pattern. In some cases, models should not use CodeableConcept and use Coding directly and provide their own structure for managing text, codings, translations and the relationship between elements and pre- and post-coordination.",CodeableConcept,ele-1,true,,http://hl7.org/fhir/StructureDefinition/elementdefinition-bindingName,,service-category,,example,,http://hl7.org/fhir/ValueSet/service-category,,,,,,,,,,,,,,,,,,
20,ARS|s_GPConnect-Slot-1,Slot.serviceType,Slot.serviceType,"The type of appointments that can be booked into this slot (ideally this would be an identifiable service - which is at a location, rather than the location itself). If provided then this overrides the value provided on the availability resource","The type of appointments that can be booked into this slot (ideally this would be an identifiable service - which is at a location, rather than the location itself). If provided then this overrides the value provided on the availability resource.",0,*,0..*,Slot.serviceType,0,*,ele-1,error,All FHIR elements must have a @value or children,hasValue() | (children().count() > id.count()),@value|f:*|h:div,"['rim', 'v2', 'rim', 'orim', 'w5']","['n/a', 'CE/CNE/CWE', 'CD', 'fhir:CodeableConcept rdfs:subClassOf dt:CD', 'class']","Not all terminology uses fit this general pattern. In some cases, models should not use CodeableConcept and use Coding directly and provide their own structure for managing text, codings, translations and the relationship between elements and pre- and post-coordination.",CodeableConcept,ele-1,true,,http://hl7.org/fhir/StructureDefinition/elementdefinition-bindingName,,service-type,,example,,http://hl7.org/fhir/ValueSet/service-type,,,,,,,,,,,,,,,,,,
21,ARS|s_GPConnect-Slot-1,Slot.specialty,Slot.specialty,The specialty of a practitioner that would be required to perform the service requested in this appointment,The specialty of a practitioner that would be required to perform the service requested in this appointment.,0,1,0..1,Slot.specialty,0,*,ele-1,error,All FHIR elements must have a @value or children,hasValue() | (children().count() > id.count()),@value|f:*|h:div,"['rim', 'v2', 'rim', 'orim', 'w5']","['n/a', 'CE/CNE/CWE', 'CD', 'fhir:CodeableConcept rdfs:subClassOf dt:CD', 'class']","Not all terminology uses fit this general pattern. In some cases, models should not use CodeableConcept and use Coding directly and provide their own structure for managing text, codings, translations and the relationship between elements and pre- and post-coordination.",CodeableConcept,ele-1,true,,http://hl7.org/fhir/StructureDefinition/elementdefinition-bindingName,,specialty,,preferred,Additional details about where the content was created (e.g. clinical specialty).,http://hl7.org/fhir/ValueSet/c80-practice-codes,,,,,,,,,,,,,,,,,,
22,ARS|s_GPConnect-Slot-1,Slot.appointmentType,Slot.appointmentType,The style of appointment or patient that may be booked in the slot (not service type),The style of appointment or patient that may be booked in the slot (not service type).,0,0,0..0,Slot.appointmentType,0,1,ele-1,error,All FHIR elements must have a @value or children,hasValue() | (children().count() > id.count()),@value|f:*|h:div,"['rim', 'v2', 'rim', 'orim', 'w5']","['n/a', 'CE/CNE/CWE', 'CD', 'fhir:CodeableConcept rdfs:subClassOf dt:CD', 'class']","Not all terminology uses fit this general pattern. In some cases, models should not use CodeableConcept and use Coding directly and provide their own structure for managing text, codings, translations and the relationship between elements and pre- and post-coordination.",CodeableConcept,ele-1,true,,http://hl7.org/fhir/StructureDefinition/elementdefinition-bindingName,,appointment-type,,preferred,,http://hl7.org/fhir/ValueSet/v2-0276,,,,,,,,,,,,,,,,,,
23,ARS|s_GPConnect-Slot-1,Slot.schedule,Slot.schedule,The schedule resource that this slot defines an interval of status information,The schedule resource that this slot defines an interval of status information.,1,1,1..1,Slot.schedule,1,1,"['ele-1', 'ref-1']","['error', 'error']","['All FHIR elements must have a @value or children', 'SHALL have a contained resource if a local reference is provided']","['hasValue() | (children().count() > id.count())', ""reference.startsWith('#').not() or (reference.substring(1).trace('url') in %resource.contained.id.trace('ids'))""]","['@value|f:*|h:div', ""not(starts-with(f:reference/@value, '#')) or exists(ancestor::*[self::f:entry or self::f:parameter]/f:resource/f:*/f:contained/f:*[f:id/@value=substring-after(current()/f:reference/@value, '#')]|/*/f:contained/f:*[f:id/@value=substring-after(current()/f:reference/@value, '#')])""]","['rim', 'rim']","['n/a', 'The target of a resource reference is a RIM entry point (Act, Role, or Entity)']","References SHALL be a reference to an actual FHIR resource, and SHALL be resolveable (allowing for access control, temporary unavailability, etc). Resolution can be either by retrieval from the URL, or, where applicable by resource type, by treating an absolute reference as a canonical URL and looking it up in a local registry/repository.",Reference,ele-1,true,,,,,,,,,,,,,,,,,,,,,,https://fhir.nhs.uk/STU3/StructureDefinition/GPConnect-Schedule-1,,,,
24,ARS|s_GPConnect-Slot-1,Slot.schedule.id,Slot.schedule.id,xml:id (or equivalent in JSON),unique id for the element within a resource (for internal references). This may be any string value that does not contain spaces.,0,1,0..1,Element.id,0,1,ele-1,error,All FHIR elements must have a @value or children,hasValue() | (children().count() > id.count()),@value|f:*|h:div,rim,n/a,Note that FHIR strings may not exceed 1MB in size,string,ele-1,,,,,,,,,,,,,,,,,,xmlAttr,,,,,,,,,
25,ARS|s_GPConnect-Slot-1,Slot.schedule.extension,Slot.schedule.extension,Additional Content defined by implementations,"May be used to represent additional information that is not part of the basic definition of the element. In order to make the use of extensions safe and manageable, there is a strict set of governance  applied to the definition and use of extensions. Though any implementer is allowed to define an extension, there is a set of requirements that SHALL be met as part of the definition of the extension.",0,*,0..*,Element.extension,0,*,"['ele-1', 'ext-1']","['error', 'error']","['All FHIR elements must have a @value or children', 'Must have either extensions or value[x], not both']","['hasValue() | (children().count() > id.count())', 'extension.exists() != value.exists()']","['@value|f:*|h:div', ""exists(f:extension)!=exists(f:*[starts-with(local-name(.), 'value')])""]","['rim', 'rim']","['n/a', 'N/A']","There can be no stigma associated with the use of extensions by any application, project, or standard - regardless of the institution or jurisdiction that uses or defines the extensions.  The use of extensions is what allows the FHIR specification to retain a core level of simplicity for everyone.",Extension,ele-1,,,,,,,,,,"['extensions', 'user content']",value,url,Extensions are always sliced by (at least) url,open,,,,,,,,,,,,,
26,ARS|s_GPConnect-Slot-1,Slot.schedule.reference,Slot.schedule.reference,"Literal reference, Relative, internal or absolute URL","A reference to a location at which the other resource is found. The reference may be a relative reference, in which case it is relative to the service base URL, or an absolute URL that resolves to the location where the resource is found. The reference may be version specific or not. If the reference is not to a FHIR RESTful server, then it should be assumed to be version specific. Internal fragment references (start with '#') refer to contained resources.",1,1,1..1,Reference.reference,0,1,ele-1,error,All FHIR elements must have a @value or children,hasValue() | (children().count() > id.count()),@value|f:*|h:div,"['rim', 'rim']","['n/a', 'N/A']","Using absolute URLs provides a stable scalable approach suitable for a cloud/web context, while using relative/logical references provides a flexible approach suitable for use when trading across closed eco-system boundaries.   Absolute URLs do not need to point to a FHIR RESTful server, though this is the preferred approach. If the URL conforms to the structure ""/[type]/[id]"" then it should be assumed that the reference is to a FHIR RESTful server.",string,"['ele-1', 'ref-1']",true,,,,,,,,,,,,,,,,,,,General,,Schedule/b57e1f37-e88e-43ad-a9e9-79eeed7531dd,,,,,
27,ARS|s_GPConnect-Slot-1,Slot.schedule.identifier,Slot.schedule.identifier,"Logical reference, when literal reference is not known","An identifier for the other resource. This is used when there is no way to reference the other resource directly, either because the entity is not available through a FHIR server, or because there is no way for the author of the resource to convert a known identifier to an actual location. There is no requirement that a Reference.identifier point to something that is actually exposed as a FHIR instance, but it SHALL point to a business concept that would be expected to be exposed as a FHIR instance, and that instance would need to be of a FHIR resource type allowed by the reference.",0,1,0..1,Reference.identifier,0,1,ele-1,error,All FHIR elements must have a @value or children,hasValue() | (children().count() > id.count()),@value|f:*|h:div,"['rim', 'v2', 'rim', 'servd', 'rim']","['n/a', 'CX / EI (occasionally, more often EI maps to a resource id or a URL)', 'II - see see identifier pattern at http://wiki.hl7.org/index.php?title=Common_Design_Patterns#Identifier_Pattern for relevant discussion. The Identifier class is a little looser than the v3 type II because it allows URIs as well as registered OIDs or GUIDs.  Also maps to Role[classCode=IDENT]', 'Identifier', '.identifier']","When an identifier is provided in place of a reference, any system processing the reference will only be able to resolve the identifier to a reference if it understands the business context in which the identifier is used. Sometimes this is global (e.g. a national identifier) but often it is not. For this reason, none of the useful mechanisms described for working with references (e.g. chaining, includes) are possible, nor should servers be expected to be able resolve the reference. Servers may accept an identifier based reference untouched, resolve it, and/or reject it - see CapabilityStatement.rest.resource.referencePolicy.   When both an identifier and a literal reference are provided, the literal reference is preferred. Applications processing the resource are allowed - but not required - to check that the identifier matches the literal reference  Applications converting a logical reference to a literal reference may choose to leave the logical reference present, or remove it.",Identifier,ele-1,true,,,,,,,,,,,,,,,,,,,,,,,,,,
28,ARS|s_GPConnect-Slot-1,Slot.schedule.display,Slot.schedule.display,Text alternative for the resource,Plain text narrative that identifies the resource in addition to the resource reference.,0,1,0..1,Reference.display,0,1,ele-1,error,All FHIR elements must have a @value or children,hasValue() | (children().count() > id.count()),@value|f:*|h:div,"['rim', 'rim']","['n/a', 'N/A']","This is generally not the same as the Resource.text of the referenced resource.  The purpose is to identify what's being referenced, not to fully describe it.",string,ele-1,true,,,,,,,,,,,,,,,,,,,General,,Appointment Schedule - Out of Hours GP Clinic,,http://hl7.org/fhir/StructureDefinition/elementdefinition-translatable,true,,
29,ARS|s_GPConnect-Slot-1,Slot.status,Slot.status,busy | free | busy-unavailable | busy-tentative | entered-in-error,busy | free | busy-unavailable | busy-tentative | entered-in-error.,1,1,1..1,Slot.status,1,1,ele-1,error,All FHIR elements must have a @value or children,hasValue() | (children().count() > id.count()),@value|f:*|h:div,"['rim', 'ical']","['n/a', 'FREEBUSY;FBTYPE=(freeBusyType):19980314T233000Z/19980315T003000Z If the freeBusyType is BUSY, then this value can be excluded']",Note that FHIR strings may not exceed 1MB in size,code,ele-1,true,,http://hl7.org/fhir/StructureDefinition/elementdefinition-bindingName,,SlotStatus,,required,The free/busy status of the slot.,http://hl7.org/fhir/ValueSet/slotstatus,,,,,,,,,,,General,,,,,,free,
30,ARS|s_GPConnect-Slot-1,Slot.start,Slot.start,Date/Time that the slot is to begin,Date/Time that the slot is to begin.,1,1,1..1,Slot.start,1,1,ele-1,error,All FHIR elements must have a @value or children,hasValue() | (children().count() > id.count()),@value|f:*|h:div,"['rim', 'ical', 'w5']","['n/a', 'FREEBUSY;FBTYPE=FREE:(start)/19980315T003000Z If the freeBusyType is BUSY, then this value can be excluded', 'when.planned']","Note: This is intended for precisely observed times, typically system logs etc., and not human-reported times - for them, see date and dateTime below. Time zone is always required",instant,ele-1,true,,,,,,,,,,,,,,,,,,,,,,,,,,
31,ARS|s_GPConnect-Slot-1,Slot.end,Slot.end,Date/Time that the slot is to conclude,Date/Time that the slot is to conclude.,1,1,1..1,Slot.end,1,1,ele-1,error,All FHIR elements must have a @value or children,hasValue() | (children().count() > id.count()),@value|f:*|h:div,"['rim', 'ical', 'w5']","['n/a', 'FREEBUSY:19980314T233000Z/(end) If the freeBusyType is BUSY, then this value can be excluded (as shown)', 'when.planned']","Note: This is intended for precisely observed times, typically system logs etc., and not human-reported times - for them, see date and dateTime below. Time zone is always required",instant,ele-1,true,,,,,,,,,,,,,,,,,,,,,,,,,,
32,ARS|s_GPConnect-Slot-1,Slot.overbooked,Slot.overbooked,"This slot has already been overbooked, appointments are unlikely to be accepted for this time","This slot has already been overbooked, appointments are unlikely to be accepted for this time.",0,1,0..1,Slot.overbooked,0,1,ele-1,error,All FHIR elements must have a @value or children,hasValue() | (children().count() > id.count()),@value|f:*|h:div,rim,n/a,,boolean,ele-1,,,,,,,,,,,,,,,,,,,,,,,,,,,"If overbooked is missing, systems may assume that there are still appointments available"
33,ARS|s_GPConnect-Slot-1,Slot.comment,Slot.comment,Comments on the slot to describe any extended information. Such as custom constraints on the slot,Comments on the slot to describe any extended information. Such as custom constraints on the slot.,0,1,0..1,Slot.comment,0,1,ele-1,error,All FHIR elements must have a @value or children,hasValue() | (children().count() > id.count()),@value|f:*|h:div,rim,n/a,Note that FHIR strings may not exceed 1MB in size,string,ele-1,,,,,,,,,,,,,,,,,,,,General,,This slot is only to be used for Out of Hours GP Clinic appointments.,,,,,
